-- MySQL dump 10.13  Distrib 8.0.24, for Win64 (x86_64)
--
-- Host: localhost    Database: vk
-- ------------------------------------------------------
-- Server version	8.0.24

/*!40101 SET @OLD_CHARACTER_SET_CLIENT=@@CHARACTER_SET_CLIENT */;
/*!40101 SET @OLD_CHARACTER_SET_RESULTS=@@CHARACTER_SET_RESULTS */;
/*!40101 SET @OLD_COLLATION_CONNECTION=@@COLLATION_CONNECTION */;
/*!50503 SET NAMES utf8mb4 */;
/*!40103 SET @OLD_TIME_ZONE=@@TIME_ZONE */;
/*!40103 SET TIME_ZONE='+00:00' */;
/*!40014 SET @OLD_UNIQUE_CHECKS=@@UNIQUE_CHECKS, UNIQUE_CHECKS=0 */;
/*!40014 SET @OLD_FOREIGN_KEY_CHECKS=@@FOREIGN_KEY_CHECKS, FOREIGN_KEY_CHECKS=0 */;
/*!40101 SET @OLD_SQL_MODE=@@SQL_MODE, SQL_MODE='NO_AUTO_VALUE_ON_ZERO' */;
/*!40111 SET @OLD_SQL_NOTES=@@SQL_NOTES, SQL_NOTES=0 */;

--
-- Table structure for table `cities`
--

DROP TABLE IF EXISTS `cities`;
/*!40101 SET @saved_cs_client     = @@character_set_client */;
/*!50503 SET character_set_client = utf8mb4 */;
CREATE TABLE `cities` (
  `id` int unsigned NOT NULL AUTO_INCREMENT,
  `name` varchar(150) CHARACTER SET utf8mb4 COLLATE utf8mb4_unicode_ci NOT NULL,
  `country_id` int unsigned DEFAULT NULL,
  PRIMARY KEY (`id`),
  KEY `cities_country_id_fk` (`country_id`),
  CONSTRAINT `cities_country_id_fk` FOREIGN KEY (`country_id`) REFERENCES `countries` (`id`) ON DELETE SET NULL,
  CONSTRAINT `profiles_country_id_fk` FOREIGN KEY (`country_id`) REFERENCES `countries` (`id`) ON DELETE SET NULL
) ENGINE=InnoDB AUTO_INCREMENT=101 DEFAULT CHARSET=utf8mb4 COLLATE=utf8mb4_unicode_ci;
/*!40101 SET character_set_client = @saved_cs_client */;

--
-- Dumping data for table `cities`
--

LOCK TABLES `cities` WRITE;
/*!40000 ALTER TABLE `cities` DISABLE KEYS */;
INSERT INTO `cities` VALUES (1,'Amystad',1),(2,'East Myrtis',2),(3,'Cruickshankview',3),(4,'Cassintown',4),(5,'Lednerton',5),(6,'Kihnshire',6),(7,'Gusikowskimouth',7),(8,'Lake Nilsfort',8),(9,'Lake Gabrielle',9),(10,'Lake Jamilmouth',10),(11,'Agustinshire',11),(12,'New Teresaville',12),(13,'Boyleside',13),(14,'New Karleytown',14),(15,'South Addison',15),(16,'Kiehnview',16),(17,'Schinnerport',17),(18,'Mantemouth',18),(19,'Kovacekside',19),(20,'Lake Jannieview',20),(21,'Joanabury',21),(22,'East Ivaborough',22),(23,'North Kaciville',23),(24,'Lake Emmiefurt',24),(25,'Stammport',25),(26,'Nellefurt',26),(27,'New Kelli',27),(28,'Sipesport',28),(29,'Rettaside',29),(30,'North Elmoton',30),(31,'South Elian',31),(32,'Powlowskimouth',32),(33,'West Omamouth',33),(34,'Willland',34),(35,'Karlmouth',35),(36,'West Frankiemouth',36),(37,'West Lessie',37),(38,'Port Brain',38),(39,'Feeneyberg',39),(40,'South Ashtynborough',40),(41,'East Crystelview',41),(42,'Port Lulaborough',42),(43,'Darrionton',43),(44,'Nonahaven',44),(45,'Abrahambury',45),(46,'South Daishaton',46),(47,'North Dayton',47),(48,'Port Josie',48),(49,'Jeromehaven',49),(50,'West Kaceyport',50),(51,'Orphahaven',51),(52,'Strackeberg',52),(53,'Sadiefurt',53),(54,'Lake Ivahshire',54),(55,'Lake Elmoreland',55),(56,'North Vicky',56),(57,'Heaneybury',57),(58,'North Franco',58),(59,'Olsonmouth',59),(60,'East Adonischester',60),(61,'Hilpertchester',61),(62,'Port Justus',62),(63,'North Marioland',63),(64,'Lake Kianna',64),(65,'Cedrickburgh',65),(66,'East Bennett',66),(67,'Yvonneshire',67),(68,'Newelltown',68),(69,'Lake Friedrichmouth',69),(70,'West Hopefurt',70),(71,'North Juliana',71),(72,'Port Samson',72),(73,'West Queenieville',73),(74,'Robertoville',74),(75,'West Myahmouth',75),(76,'North Louveniaport',76),(77,'Jaskolskiport',77),(78,'Cummeratamouth',78),(79,'North Elijah',79),(80,'New Rhianna',80),(81,'Bahringerburgh',81),(82,'Katlynville',82),(83,'North Eryn',83),(84,'Altenwerthhaven',84),(85,'Lake Melany',85),(86,'Lake Carolville',86),(87,'Maverickview',87),(88,'Maximemouth',88),(89,'Cassandraport',89),(90,'Wilsonbury',90),(91,'Kaleview',91),(92,'Bayershire',92),(93,'Lake Lonnieside',93),(94,'Beiertown',94),(95,'Wolfberg',95),(96,'East Xavier',96),(97,'Simport',97),(98,'Satterfieldchester',98),(99,'Swaniawskiside',99),(100,'New Anissa',100);
/*!40000 ALTER TABLE `cities` ENABLE KEYS */;
UNLOCK TABLES;

--
-- Table structure for table `communities`
--

DROP TABLE IF EXISTS `communities`;
/*!40101 SET @saved_cs_client     = @@character_set_client */;
/*!50503 SET character_set_client = utf8mb4 */;
CREATE TABLE `communities` (
  `id` int unsigned NOT NULL AUTO_INCREMENT COMMENT 'Идентификатор сроки',
  `name` varchar(150) CHARACTER SET utf8mb4 COLLATE utf8mb4_unicode_ci NOT NULL COMMENT 'Название группы',
  `created_at` datetime DEFAULT CURRENT_TIMESTAMP COMMENT 'Время создания строки',
  `updated_at` datetime DEFAULT CURRENT_TIMESTAMP ON UPDATE CURRENT_TIMESTAMP COMMENT 'Время обновления строки',
  PRIMARY KEY (`id`),
  UNIQUE KEY `name` (`name`)
) ENGINE=InnoDB AUTO_INCREMENT=101 DEFAULT CHARSET=utf8mb4 COLLATE=utf8mb4_unicode_ci COMMENT='Группы';
/*!40101 SET character_set_client = @saved_cs_client */;

--
-- Dumping data for table `communities`
--

LOCK TABLES `communities` WRITE;
/*!40000 ALTER TABLE `communities` DISABLE KEYS */;
INSERT INTO `communities` VALUES (1,'vitae','2018-12-09 06:15:53','2017-01-04 05:08:30'),(2,'suscipit','2012-11-17 19:31:45','2018-09-22 04:31:54'),(3,'doloribus','2016-01-31 23:31:55','2012-11-10 16:48:05'),(4,'ad','2019-11-11 12:35:26','2013-08-07 05:41:15'),(5,'veritatis','2012-11-19 09:43:15','2018-12-15 15:26:29'),(6,'illum','2018-02-16 07:31:06','2020-06-07 22:52:09'),(7,'quo','2018-05-08 20:32:29','2014-05-30 00:23:42'),(8,'adipisci','2012-12-13 20:29:56','2014-09-18 03:06:12'),(9,'fugit','2019-02-16 06:40:06','2017-04-01 07:44:25'),(10,'dolorum','2020-07-11 13:34:45','2015-12-23 15:53:54'),(11,'quia','2018-04-23 14:58:03','2016-12-21 00:35:00'),(12,'accusantium','2015-10-07 15:35:34','2019-06-06 15:08:19'),(13,'quibusdam','2018-05-20 09:50:52','2020-06-30 14:08:21'),(14,'dolorem','2016-05-13 09:19:47','2017-10-23 20:32:27'),(15,'consequatur','2014-02-28 11:03:02','2018-06-22 16:20:58'),(16,'recusandae','2012-04-15 00:58:41','2018-01-03 20:48:33'),(17,'error','2012-04-04 00:21:31','2012-10-24 07:09:19'),(18,'a','2011-10-17 02:25:47','2011-07-16 20:14:18'),(19,'assumenda','2017-07-31 20:34:44','2020-12-28 00:40:52'),(20,'mollitia','2020-04-11 12:55:11','2018-10-14 20:05:33'),(21,'autem','2018-03-19 10:02:43','2013-06-24 12:08:57'),(22,'repellendus','2019-05-01 03:10:46','2019-03-26 12:35:18'),(23,'velit','2016-11-24 23:47:00','2015-01-22 09:17:02'),(24,'sint','2019-04-29 04:48:55','2011-08-19 22:34:06'),(25,'itaque','2017-11-24 18:30:58','2019-05-29 11:40:31'),(26,'id','2017-04-01 15:09:41','2013-11-06 13:28:16'),(27,'nulla','2019-08-15 19:48:46','2018-12-13 00:35:08'),(28,'quod','2018-03-16 23:19:41','2021-04-10 13:19:31'),(29,'quos','2012-09-06 02:51:18','2021-03-24 12:08:43'),(30,'in','2015-11-30 06:45:50','2014-10-23 12:50:37');
/*!40000 ALTER TABLE `communities` ENABLE KEYS */;
UNLOCK TABLES;

--
-- Table structure for table `communities_users`
--

DROP TABLE IF EXISTS `communities_users`;
/*!40101 SET @saved_cs_client     = @@character_set_client */;
/*!50503 SET character_set_client = utf8mb4 */;
CREATE TABLE `communities_users` (
  `community_id` int unsigned NOT NULL COMMENT 'Ссылка на группу',
  `user_id` int unsigned NOT NULL COMMENT 'Ссылка на пользователя',
  `created_at` datetime DEFAULT CURRENT_TIMESTAMP COMMENT 'Время создания строки',
  PRIMARY KEY (`community_id`,`user_id`) COMMENT 'Составной первичный ключ',
  KEY `communities_users_user_id_fk` (`user_id`),
  CONSTRAINT `communities_users_community_id_fk` FOREIGN KEY (`community_id`) REFERENCES `communities` (`id`) ON DELETE CASCADE,
  CONSTRAINT `communities_users_user_id_fk` FOREIGN KEY (`user_id`) REFERENCES `users` (`id`) ON DELETE CASCADE
) ENGINE=InnoDB DEFAULT CHARSET=utf8mb4 COLLATE=utf8mb4_unicode_ci COMMENT='Участники групп, связь между пользователями и группами';
/*!40101 SET character_set_client = @saved_cs_client */;

--
-- Dumping data for table `communities_users`
--

LOCK TABLES `communities_users` WRITE;
/*!40000 ALTER TABLE `communities_users` DISABLE KEYS */;
INSERT INTO `communities_users` VALUES (1,2,'2019-12-10 04:19:26'),(1,9,'2016-05-21 21:36:19'),(1,16,'2019-10-03 08:30:01'),(1,21,'2021-05-06 20:43:20'),(1,45,'2011-12-11 17:29:41'),(1,46,'2012-10-02 04:22:24'),(1,80,'2019-07-23 09:59:06'),(2,24,'2021-03-27 04:30:26'),(2,85,'2011-05-10 06:43:19'),(3,16,'2020-08-29 07:32:09'),(3,50,'2015-01-18 00:23:09'),(3,57,'2018-01-08 15:50:43'),(3,71,'2013-04-13 00:54:43'),(3,72,'2012-01-07 00:39:19'),(3,97,'2014-09-06 10:13:21'),(4,4,'2015-09-24 15:16:32'),(4,18,'2019-03-25 18:11:59'),(4,56,'2015-07-23 02:22:26'),(4,87,'2014-06-20 19:11:06'),(4,93,'2016-07-06 01:31:32'),(4,94,'2014-06-19 07:22:29'),(5,6,'2019-01-12 16:45:47'),(5,30,'2020-12-22 20:29:13'),(5,35,'2012-06-18 02:41:43'),(5,48,'2012-12-16 02:54:35'),(5,65,'2011-11-26 16:29:26'),(5,79,'2017-06-11 22:58:43'),(5,99,'2019-08-29 13:32:59'),(6,11,'2012-07-13 00:55:59'),(6,98,'2015-11-09 10:21:48'),(7,34,'2012-09-24 08:40:35'),(7,84,'2017-05-18 14:38:24'),(8,23,'2016-08-22 03:33:24'),(8,36,'2016-11-21 14:00:31'),(8,74,'2013-04-22 10:11:14'),(9,8,'2020-10-08 21:41:16'),(10,35,'2011-05-23 00:49:07'),(10,75,'2012-06-12 15:49:16'),(10,93,'2017-02-20 21:57:48'),(11,74,'2018-06-24 05:25:39'),(12,37,'2019-07-25 20:46:15'),(12,59,'2011-06-07 21:44:38'),(12,93,'2018-01-30 02:00:34'),(13,100,'2019-09-07 08:53:54'),(14,50,'2019-07-09 02:10:18'),(14,95,'2013-10-17 07:21:23'),(15,3,'2013-02-25 23:10:59'),(15,22,'2014-12-21 07:25:43'),(15,78,'2019-08-23 19:51:29'),(15,96,'2011-11-23 23:16:19'),(16,44,'2020-07-21 10:15:38'),(16,46,'2011-08-12 23:58:55'),(16,54,'2019-10-13 19:53:59'),(16,74,'2014-09-05 12:25:21'),(16,76,'2015-02-17 12:47:57'),(16,94,'2014-03-30 11:01:17'),(17,77,'2012-02-21 02:16:10'),(18,1,'2016-04-21 15:32:41'),(18,60,'2013-12-17 14:55:44'),(18,100,'2016-08-22 11:59:57'),(20,16,'2015-07-09 12:57:52'),(20,63,'2018-08-29 19:18:09'),(20,70,'2020-07-10 03:17:28'),(21,81,'2012-01-23 04:52:27'),(21,82,'2011-10-19 06:48:37'),(21,100,'2016-10-27 13:03:13'),(22,19,'2014-08-27 22:44:59'),(22,27,'2018-01-24 15:29:41'),(22,40,'2013-04-02 07:14:47'),(22,57,'2015-02-16 18:05:52'),(22,83,'2014-11-30 21:39:57'),(23,9,'2015-04-07 22:22:24'),(23,13,'2015-02-01 14:42:22'),(23,36,'2015-05-28 13:13:02'),(23,51,'2018-04-29 16:58:59'),(23,61,'2018-02-08 17:34:28'),(23,64,'2016-09-29 02:44:14'),(23,74,'2018-01-24 18:19:49'),(23,77,'2019-08-23 00:31:09'),(24,20,'2013-10-06 20:23:41'),(24,26,'2020-01-14 23:18:00'),(24,35,'2012-01-04 19:00:20'),(24,79,'2019-03-01 00:20:38'),(25,43,'2011-08-27 10:09:23'),(25,78,'2015-07-09 22:08:15'),(25,99,'2014-01-13 01:26:00'),(26,71,'2014-01-10 11:55:58'),(26,78,'2020-07-18 01:04:51'),(27,46,'2016-11-21 12:59:44'),(27,57,'2020-06-05 21:15:06'),(27,80,'2021-01-28 04:56:37'),(28,12,'2011-06-18 18:33:53'),(28,38,'2018-10-20 05:58:46'),(28,39,'2018-10-19 03:14:21'),(28,58,'2016-03-25 06:18:52'),(28,95,'2014-09-11 21:55:14'),(29,90,'2021-01-06 07:58:31'),(29,100,'2011-11-23 06:17:23'),(30,5,'2019-07-14 22:37:11'),(30,44,'2018-03-27 11:51:30'),(30,87,'2018-10-08 10:59:37');
/*!40000 ALTER TABLE `communities_users` ENABLE KEYS */;
UNLOCK TABLES;

--
-- Table structure for table `countries`
--

DROP TABLE IF EXISTS `countries`;
/*!40101 SET @saved_cs_client     = @@character_set_client */;
/*!50503 SET character_set_client = utf8mb4 */;
CREATE TABLE `countries` (
  `id` int unsigned NOT NULL AUTO_INCREMENT,
  `name` varchar(150) COLLATE utf8mb4_unicode_ci NOT NULL,
  PRIMARY KEY (`id`),
  UNIQUE KEY `name` (`name`)
) ENGINE=InnoDB AUTO_INCREMENT=101 DEFAULT CHARSET=utf8mb4 COLLATE=utf8mb4_unicode_ci;
/*!40101 SET character_set_client = @saved_cs_client */;

--
-- Dumping data for table `countries`
--

LOCK TABLES `countries` WRITE;
/*!40000 ALTER TABLE `countries` DISABLE KEYS */;
INSERT INTO `countries` VALUES (23,'Afghanistan'),(79,'Antarctica (the territory South of 60 deg S)'),(88,'Armenia'),(77,'Aruba'),(67,'Austria'),(15,'Bolivia'),(64,'Bouvet Island (Bouvetoya)'),(29,'British Virgin Islands'),(18,'Burundi'),(56,'Cambodia'),(55,'Chad'),(65,'China'),(36,'Christmas Island'),(74,'Cote d\'Ivoire'),(31,'Czech Republic'),(49,'Djibouti'),(4,'Dominica'),(60,'Equatorial Guinea'),(20,'Fiji'),(48,'French Polynesia'),(42,'Gabon'),(80,'Gambia'),(89,'Georgia'),(6,'Greece'),(47,'Greenland'),(38,'Guatemala'),(3,'Holy See (Vatican City State)'),(30,'Honduras'),(26,'Hungary'),(63,'India'),(7,'Indonesia'),(10,'Ireland'),(71,'Isle of Man'),(24,'Italy'),(41,'Jordan'),(17,'Korea'),(72,'Kuwait'),(100,'Kyrgyz Republic'),(37,'Latvia'),(98,'Liberia'),(50,'Libyan Arab Jamahiriya'),(90,'Luxembourg'),(75,'Macao'),(28,'Madagascar'),(82,'Maldives'),(34,'Martinique'),(68,'Mauritius'),(84,'Mayotte'),(76,'Monaco'),(21,'Montenegro'),(1,'Myanmar'),(44,'N. Sri Lanka'),(93,'N.Afghanistan'),(25,'N.Antarctica (the territory South of 60 deg S)'),(87,'N.Aruba'),(8,'N.Ireland'),(2,'N.Luxembourg'),(35,'Netherlands'),(97,'Netherlands Antilles'),(85,'New Aruba'),(86,'New Indonesia'),(45,'New Kuwait'),(69,'New Paraguay'),(73,'New Saint Lucia'),(96,'New Zealand'),(32,'Niger'),(62,'Nigeria'),(19,'Norfolk Island'),(39,'Old Aruba'),(43,'Old Paraguay'),(11,'Old San Marino'),(54,'Old Western Sahara'),(14,'Panama'),(53,'Paraguay'),(5,'Pitcairn Islands'),(57,'Puerto Rico'),(95,'Reunion'),(99,'Rwanda'),(22,'S. Rwanda'),(33,'S.Afghanistan'),(51,'S.Aruba'),(16,'S.Luxembourg'),(58,'S.Netherlands'),(92,'Saint Helena'),(27,'Saint Kitts and Nevis'),(46,'Saint Lucia'),(52,'Samoa'),(61,'San Marino'),(91,'Sao Tome and Principe'),(9,'Singapore'),(59,'Solomon Islands'),(66,'Sri Lanka'),(81,'Sudan'),(12,'Tunisia'),(83,'Tuvalu'),(78,'Ukraine'),(13,'Uzbekistan'),(94,'Venezuela'),(40,'Western Sahara'),(70,'Yemen');
/*!40000 ALTER TABLE `countries` ENABLE KEYS */;
UNLOCK TABLES;

--
-- Table structure for table `friendship`
--

DROP TABLE IF EXISTS `friendship`;
/*!40101 SET @saved_cs_client     = @@character_set_client */;
/*!50503 SET character_set_client = utf8mb4 */;
CREATE TABLE `friendship` (
  `user_id` int unsigned NOT NULL COMMENT 'Ссылка на инициатора дружеских отношений',
  `friend_id` int unsigned NOT NULL COMMENT 'Ссылка на получателя приглашения дружить',
  `friendship_status_id` int unsigned NOT NULL COMMENT 'Ссылка на статус (текущее состояние) отношений',
  `confirmed_at` datetime DEFAULT NULL COMMENT 'Время подтверждения приглашения',
  `created_at` datetime DEFAULT CURRENT_TIMESTAMP COMMENT 'Время создания строки',
  `updated_at` datetime DEFAULT CURRENT_TIMESTAMP ON UPDATE CURRENT_TIMESTAMP COMMENT 'Время обновления строки',
  PRIMARY KEY (`user_id`,`friend_id`) COMMENT 'Составной первичный ключ',
  KEY `friendship_friendship_status_id_fk` (`friendship_status_id`),
  CONSTRAINT `friendship_friendship_status_id_fk` FOREIGN KEY (`friendship_status_id`) REFERENCES `friendship_statuses` (`id`) ON DELETE CASCADE,
  CONSTRAINT `friendship_user_id_fk` FOREIGN KEY (`user_id`) REFERENCES `users` (`id`) ON DELETE CASCADE
) ENGINE=InnoDB DEFAULT CHARSET=utf8mb4 COLLATE=utf8mb4_unicode_ci COMMENT='Таблица дружбы';
/*!40101 SET character_set_client = @saved_cs_client */;

--
-- Dumping data for table `friendship`
--

LOCK TABLES `friendship` WRITE;
/*!40000 ALTER TABLE `friendship` DISABLE KEYS */;
INSERT INTO `friendship` VALUES (1,54,2,'2020-02-02 00:00:00','2011-10-12 17:03:01','2021-05-06 20:13:19'),(1,91,1,'2021-02-09 00:00:00','2019-09-16 18:58:38','2021-05-06 20:13:19'),(2,24,3,'2020-02-26 00:00:00','2019-11-06 01:29:39','2021-05-06 20:13:19'),(4,32,1,'2020-01-18 00:00:00','2016-07-06 20:53:24','2021-05-06 20:13:19'),(4,78,3,'2020-01-08 00:00:00','2012-06-18 21:10:37','2021-05-06 20:13:19'),(5,7,3,'2020-04-03 00:00:00','2017-06-29 08:59:44','2021-05-06 20:13:19'),(5,11,1,'2020-01-05 00:00:00','2014-05-01 02:33:50','2021-05-06 20:13:19'),(6,89,1,'2021-02-10 00:00:00','2015-03-30 11:31:42','2021-05-06 20:13:19'),(7,13,3,'2020-01-22 00:00:00','2012-06-19 05:29:53','2021-05-06 20:13:19'),(7,16,2,'2020-02-14 00:00:00','2015-06-14 08:40:19','2021-05-06 20:13:19'),(9,89,2,'2021-02-14 00:00:00','2020-09-24 05:31:01','2021-05-06 20:13:19'),(11,72,3,'2021-02-10 00:00:00','2013-08-20 18:44:59','2021-05-06 20:13:19'),(12,83,3,'2021-02-26 00:00:00','2016-07-16 13:42:52','2021-05-06 20:13:19'),(13,28,2,'2020-01-03 00:00:00','2012-10-08 02:13:10','2021-05-06 20:13:19'),(14,46,2,'2020-02-02 00:00:00','2012-05-06 11:28:01','2021-05-06 20:13:19'),(14,65,1,'2021-03-28 00:00:00','2014-03-22 10:04:45','2021-05-06 20:13:19'),(14,96,2,'2020-02-25 00:00:00','2013-06-22 02:22:18','2021-05-06 20:13:19'),(15,18,3,'2021-03-13 00:00:00','2015-08-10 21:03:23','2021-05-06 20:13:19'),(16,92,2,'2020-02-23 00:00:00','2019-12-13 19:56:50','2021-05-06 20:13:19'),(17,15,3,'2020-03-14 00:00:00','2012-06-07 20:02:28','2021-05-06 20:13:19'),(18,43,2,'2021-01-11 00:00:00','2016-04-12 23:30:17','2021-05-06 20:13:19'),(19,6,3,'2021-02-08 00:00:00','2020-05-20 22:37:20','2021-05-06 20:13:19'),(19,39,3,'2021-02-07 00:00:00','2019-07-01 00:25:16','2021-05-06 20:13:19'),(19,72,3,'2020-02-22 00:00:00','2020-01-27 00:52:32','2021-05-06 20:15:17'),(20,35,3,'2021-03-07 00:00:00','2018-10-05 07:19:39','2021-05-06 20:13:19'),(21,14,2,'2020-03-04 00:00:00','2019-08-16 20:19:39','2021-05-06 20:13:19'),(22,86,2,'2020-01-09 00:00:00','2017-05-09 05:46:42','2021-05-06 20:13:19'),(23,49,3,'2021-04-03 00:00:00','2020-11-20 19:51:45','2021-05-06 20:13:19'),(24,95,3,'2020-03-19 00:00:00','2011-09-02 07:09:41','2021-05-06 20:13:19'),(25,9,3,'2020-02-23 00:00:00','2019-09-27 12:57:21','2021-05-06 20:13:19'),(26,49,2,'2021-01-02 00:00:00','2011-12-11 04:32:39','2021-05-06 20:13:19'),(27,52,3,'2020-02-17 00:00:00','2018-07-04 16:25:40','2021-05-06 20:13:19'),(27,66,3,'2020-03-21 00:00:00','2014-01-04 23:27:18','2021-05-06 20:13:19'),(27,79,1,'2020-04-10 00:00:00','2017-12-02 11:38:17','2021-05-06 20:13:19'),(27,88,3,'2020-03-19 00:00:00','2019-08-10 16:28:50','2021-05-06 20:13:19'),(29,77,2,'2021-03-22 00:00:00','2013-07-01 09:47:36','2021-05-06 20:13:19'),(30,15,2,'2020-01-28 00:00:00','2016-05-26 08:38:17','2021-05-06 20:13:19'),(30,23,3,'2020-03-31 00:00:00','2020-02-23 21:50:11','2021-05-06 20:15:17'),(31,54,3,'2020-03-05 00:00:00','2013-11-02 03:15:03','2021-05-06 20:13:19'),(35,18,1,'2021-01-15 00:00:00','2017-08-13 11:56:45','2021-05-06 20:13:19'),(36,27,2,'2021-04-05 00:00:00','2015-12-22 07:44:59','2021-05-06 20:13:19'),(36,56,3,'2021-02-27 00:00:00','2011-10-02 23:55:49','2021-05-06 20:13:19'),(36,62,3,'2021-02-13 00:00:00','2013-06-11 13:06:55','2021-05-06 20:13:19'),(37,86,2,'2021-04-10 00:00:00','2016-03-23 03:42:28','2021-05-06 20:13:19'),(37,99,3,'2020-01-01 00:00:00','2012-08-13 12:19:09','2021-05-06 20:13:19'),(38,55,2,'2020-01-09 00:00:00','2011-06-02 12:16:20','2021-05-06 20:13:19'),(42,8,2,'2021-02-24 00:00:00','2020-11-10 08:13:29','2021-05-06 20:13:19'),(43,46,1,'2021-02-26 00:00:00','2017-10-03 04:40:01','2021-05-06 20:13:19'),(43,47,2,'2020-03-16 00:00:00','2019-01-02 18:27:18','2021-05-06 20:13:19'),(43,75,2,'2021-01-20 00:00:00','2018-09-05 08:56:24','2021-05-06 20:13:19'),(45,1,2,'2020-03-27 00:00:00','2019-02-24 19:11:59','2021-05-06 20:13:19'),(46,23,1,'2021-03-12 00:00:00','2012-08-30 11:13:23','2021-05-06 20:13:19'),(46,34,3,'2021-02-24 00:00:00','2017-12-03 04:42:23','2021-05-06 20:13:19'),(46,75,1,'2020-04-08 00:00:00','2012-11-23 08:59:53','2021-05-06 20:13:19'),(47,94,1,'2021-03-15 00:00:00','2015-08-19 17:11:36','2021-05-06 20:13:19'),(49,73,2,'2020-04-08 00:00:00','2012-03-03 07:22:20','2021-05-06 20:13:19'),(51,55,1,'2020-01-09 00:00:00','2012-01-21 09:50:58','2021-05-06 20:13:19'),(54,96,3,'2020-03-10 00:00:00','2016-02-16 15:57:25','2021-05-06 20:13:19'),(57,23,1,'2021-02-03 00:00:00','2014-09-14 17:28:57','2021-05-06 20:13:19'),(58,18,3,'2020-01-11 00:00:00','2015-04-15 22:22:53','2021-05-06 20:13:19'),(59,42,1,'2021-04-08 00:00:00','2014-01-22 17:08:19','2021-05-06 20:13:19'),(60,49,1,'2021-02-26 00:00:00','2017-12-04 22:49:32','2021-05-06 20:13:19'),(61,74,1,'2021-03-24 00:00:00','2013-06-02 16:07:21','2021-05-06 20:13:19'),(62,46,2,'2021-02-23 00:00:00','2018-10-06 11:20:44','2021-05-06 20:13:19'),(62,54,1,'2021-03-17 00:00:00','2015-11-05 13:19:14','2021-05-06 20:13:19'),(64,67,3,'2021-02-11 00:00:00','2019-03-21 18:56:56','2021-05-06 20:13:19'),(64,98,2,'2021-01-10 00:00:00','2016-03-24 10:42:22','2021-05-06 20:13:19'),(66,67,2,'2021-01-08 00:00:00','2017-09-01 22:03:40','2021-05-06 20:13:19'),(67,86,1,'2020-02-18 00:00:00','2019-02-22 18:18:46','2021-05-06 20:13:19'),(67,89,1,'2020-02-29 00:00:00','2015-08-06 17:51:50','2021-05-06 20:13:19'),(68,38,1,'2020-03-20 00:00:00','2014-04-07 18:02:06','2021-05-06 20:13:19'),(69,19,3,'2021-03-14 00:00:00','2019-08-19 16:49:02','2021-05-06 20:13:19'),(72,18,1,'2020-03-04 00:00:00','2013-11-19 12:53:19','2021-05-06 20:13:19'),(72,89,2,'2021-02-16 00:00:00','2017-10-15 13:13:12','2021-05-06 20:13:19'),(73,9,2,'2020-04-08 00:00:00','2016-10-08 20:01:32','2021-05-06 20:13:19'),(74,5,1,'2021-02-23 00:00:00','2012-03-20 05:09:34','2021-05-06 20:13:19'),(74,11,1,'2021-01-18 00:00:00','2012-01-03 00:42:54','2021-05-06 20:13:19'),(74,52,2,'2021-02-17 00:00:00','2020-05-25 23:12:31','2021-05-06 20:13:19'),(76,29,2,'2021-02-18 00:00:00','2019-07-05 23:17:18','2021-05-06 20:13:19'),(77,35,1,'2020-03-24 00:00:00','2011-06-24 22:07:51','2021-05-06 20:13:19'),(78,58,3,'2020-02-09 00:00:00','2016-04-11 05:15:25','2021-05-06 20:13:19'),(79,22,2,'2020-04-03 00:00:00','2020-03-09 22:43:54','2021-05-06 20:13:19'),(79,41,1,'2021-01-23 00:00:00','2011-08-04 19:10:52','2021-05-06 20:13:19'),(82,50,3,'2021-03-28 00:00:00','2019-04-21 21:31:29','2021-05-06 20:13:19'),(83,17,1,'2021-02-03 00:00:00','2019-08-12 03:30:16','2021-05-06 20:13:19'),(83,21,3,'2021-02-16 00:00:00','2019-11-04 09:53:37','2021-05-06 20:13:19'),(84,52,1,'2020-03-23 00:00:00','2019-06-19 02:49:55','2021-05-06 20:13:19'),(84,72,1,'2021-02-12 00:00:00','2019-12-30 15:34:48','2021-05-06 20:13:19'),(85,73,1,'2021-03-08 00:00:00','2020-06-29 07:13:33','2021-05-06 20:13:19'),(86,15,3,'2021-03-13 00:00:00','2013-05-30 19:22:00','2021-05-06 20:13:19'),(86,73,1,'2021-02-22 00:00:00','2012-03-29 05:45:43','2021-05-06 20:13:19'),(87,12,1,'2020-02-21 00:00:00','2012-12-18 20:28:45','2021-05-06 20:13:19'),(87,89,1,'2020-01-10 00:00:00','2014-07-31 04:15:03','2021-05-06 20:13:19'),(87,96,1,'2020-01-12 00:00:00','2018-02-11 18:25:05','2021-05-06 20:13:19'),(97,51,2,'2021-02-04 00:00:00','2019-06-04 21:13:01','2021-05-06 20:13:19'),(97,90,3,'2020-02-17 00:00:00','2018-06-30 15:28:52','2021-05-06 20:13:19'),(99,17,1,'2021-04-04 00:00:00','2011-10-01 13:52:02','2021-05-06 20:13:19'),(99,62,3,'2021-02-11 00:00:00','2011-05-11 05:13:34','2021-05-06 20:13:19'),(100,14,3,'2021-02-16 00:00:00','2011-05-15 15:09:02','2021-05-06 20:13:19'),(100,60,2,'2020-01-05 00:00:00','2016-04-03 22:58:59','2021-05-06 20:13:19');
/*!40000 ALTER TABLE `friendship` ENABLE KEYS */;
UNLOCK TABLES;

--
-- Table structure for table `friendship_statuses`
--

DROP TABLE IF EXISTS `friendship_statuses`;
/*!40101 SET @saved_cs_client     = @@character_set_client */;
/*!50503 SET character_set_client = utf8mb4 */;
CREATE TABLE `friendship_statuses` (
  `id` int unsigned NOT NULL AUTO_INCREMENT COMMENT 'Идентификатор строки',
  `name` varchar(150) CHARACTER SET utf8mb4 COLLATE utf8mb4_unicode_ci NOT NULL COMMENT 'Название статуса',
  `created_at` datetime DEFAULT CURRENT_TIMESTAMP COMMENT 'Время создания строки',
  `updated_at` datetime DEFAULT CURRENT_TIMESTAMP ON UPDATE CURRENT_TIMESTAMP COMMENT 'Время обновления строки',
  PRIMARY KEY (`id`),
  UNIQUE KEY `name` (`name`)
) ENGINE=InnoDB AUTO_INCREMENT=4 DEFAULT CHARSET=utf8mb4 COLLATE=utf8mb4_unicode_ci COMMENT='Статусы дружбы';
/*!40101 SET character_set_client = @saved_cs_client */;

--
-- Dumping data for table `friendship_statuses`
--

LOCK TABLES `friendship_statuses` WRITE;
/*!40000 ALTER TABLE `friendship_statuses` DISABLE KEYS */;
INSERT INTO `friendship_statuses` VALUES (1,'Requested','2021-05-06 20:02:41','2021-05-06 20:02:41'),(2,'Confirmed','2021-05-06 20:02:41','2021-05-06 20:02:41'),(3,'Rejected','2021-05-06 20:02:41','2021-05-06 20:02:41');
/*!40000 ALTER TABLE `friendship_statuses` ENABLE KEYS */;
UNLOCK TABLES;

--
-- Table structure for table `likes`
--

DROP TABLE IF EXISTS `likes`;
/*!40101 SET @saved_cs_client     = @@character_set_client */;
/*!50503 SET character_set_client = utf8mb4 */;
CREATE TABLE `likes` (
  `id` int unsigned NOT NULL AUTO_INCREMENT,
  `user_id` int unsigned NOT NULL,
  `target_id` int unsigned NOT NULL,
  `target_type` enum('messages','users','posts','media') NOT NULL,
  `created_at` datetime DEFAULT CURRENT_TIMESTAMP,
  PRIMARY KEY (`id`),
  KEY `likes_user_id_fk` (`user_id`),
  CONSTRAINT `likes_user_id_fk` FOREIGN KEY (`user_id`) REFERENCES `users` (`id`) ON DELETE CASCADE
) ENGINE=InnoDB AUTO_INCREMENT=101 DEFAULT CHARSET=utf8mb4 COLLATE=utf8mb4_0900_ai_ci;
/*!40101 SET character_set_client = @saved_cs_client */;

--
-- Dumping data for table `likes`
--

LOCK TABLES `likes` WRITE;
/*!40000 ALTER TABLE `likes` DISABLE KEYS */;
INSERT INTO `likes` VALUES (1,32,12,'users','2021-05-12 11:52:04'),(2,66,55,'messages','2021-05-12 11:52:04'),(3,61,16,'messages','2021-05-12 11:52:04'),(4,66,32,'messages','2021-05-12 11:52:04'),(5,12,2,'posts','2021-05-12 11:52:04'),(6,99,42,'media','2021-05-12 11:52:04'),(7,56,29,'users','2021-05-12 11:52:04'),(8,87,20,'messages','2021-05-12 11:52:04'),(9,98,99,'media','2021-05-12 11:52:04'),(10,78,17,'messages','2021-05-12 11:52:04'),(11,43,56,'users','2021-05-12 11:52:04'),(12,50,13,'media','2021-05-12 11:52:04'),(13,72,73,'messages','2021-05-12 11:52:04'),(14,20,6,'messages','2021-05-12 11:52:04'),(15,96,41,'users','2021-05-12 11:52:04'),(16,16,45,'users','2021-05-12 11:52:04'),(17,74,52,'messages','2021-05-12 11:52:04'),(18,25,67,'posts','2021-05-12 11:52:04'),(19,78,72,'messages','2021-05-12 11:52:04'),(20,76,61,'posts','2021-05-12 11:52:04'),(21,69,53,'messages','2021-05-12 11:52:04'),(22,12,85,'posts','2021-05-12 11:52:04'),(23,80,51,'messages','2021-05-12 11:52:04'),(24,89,49,'users','2021-05-12 11:52:04'),(25,16,85,'messages','2021-05-12 11:52:04'),(26,72,60,'posts','2021-05-12 11:52:04'),(27,20,53,'media','2021-05-12 11:52:04'),(28,13,51,'media','2021-05-12 11:52:04'),(29,82,33,'messages','2021-05-12 11:52:04'),(30,17,18,'posts','2021-05-12 11:52:04'),(31,8,89,'users','2021-05-12 11:52:04'),(32,15,43,'users','2021-05-12 11:52:04'),(33,77,45,'messages','2021-05-12 11:52:04'),(34,22,29,'messages','2021-05-12 11:52:04'),(35,64,82,'media','2021-05-12 11:52:04'),(36,66,32,'messages','2021-05-12 11:52:04'),(37,4,96,'posts','2021-05-12 11:52:04'),(38,73,87,'messages','2021-05-12 11:52:04'),(39,38,40,'messages','2021-05-12 11:52:04'),(40,58,93,'messages','2021-05-12 11:52:04'),(41,39,74,'posts','2021-05-12 11:52:04'),(42,23,61,'messages','2021-05-12 11:52:04'),(43,69,11,'messages','2021-05-12 11:52:04'),(44,81,17,'users','2021-05-12 11:52:04'),(45,43,10,'media','2021-05-12 11:52:04'),(46,68,22,'media','2021-05-12 11:52:04'),(47,17,63,'posts','2021-05-12 11:52:04'),(48,47,61,'messages','2021-05-12 11:52:04'),(49,29,34,'posts','2021-05-12 11:52:04'),(50,77,87,'media','2021-05-12 11:52:04'),(51,62,59,'media','2021-05-12 11:52:04'),(52,1,53,'messages','2021-05-12 11:52:04'),(53,76,86,'media','2021-05-12 11:52:04'),(54,69,38,'posts','2021-05-12 11:52:04'),(55,24,11,'posts','2021-05-12 11:52:04'),(56,14,79,'messages','2021-05-12 11:52:04'),(57,73,49,'media','2021-05-12 11:52:04'),(58,35,19,'messages','2021-05-12 11:52:04'),(59,95,68,'users','2021-05-12 11:52:04'),(60,53,53,'media','2021-05-12 11:52:04'),(61,48,54,'users','2021-05-12 11:52:04'),(62,95,99,'media','2021-05-12 11:52:04'),(63,73,98,'posts','2021-05-12 11:52:04'),(64,13,46,'messages','2021-05-12 11:52:04'),(65,52,100,'messages','2021-05-12 11:52:04'),(66,30,82,'posts','2021-05-12 11:52:04'),(67,96,92,'users','2021-05-12 11:52:04'),(68,93,94,'posts','2021-05-12 11:52:04'),(69,62,43,'messages','2021-05-12 11:52:04'),(70,76,26,'media','2021-05-12 11:52:04'),(71,25,82,'posts','2021-05-12 11:52:04'),(72,37,61,'users','2021-05-12 11:52:04'),(73,57,54,'messages','2021-05-12 11:52:04'),(74,12,28,'media','2021-05-12 11:52:04'),(75,28,21,'users','2021-05-12 11:52:04'),(76,36,77,'posts','2021-05-12 11:52:04'),(77,38,28,'posts','2021-05-12 11:52:04'),(78,38,62,'users','2021-05-12 11:52:04'),(79,54,69,'messages','2021-05-12 11:52:04'),(80,94,96,'users','2021-05-12 11:52:04'),(81,85,10,'messages','2021-05-12 11:52:04'),(82,85,80,'users','2021-05-12 11:52:04'),(83,41,1,'messages','2021-05-12 11:52:04'),(84,87,19,'users','2021-05-12 11:52:04'),(85,14,41,'posts','2021-05-12 11:52:04'),(86,17,30,'users','2021-05-12 11:52:04'),(87,96,43,'posts','2021-05-12 11:52:04'),(88,78,74,'posts','2021-05-12 11:52:04'),(89,81,9,'posts','2021-05-12 11:52:04'),(90,25,84,'posts','2021-05-12 11:52:04'),(91,83,56,'posts','2021-05-12 11:52:04'),(92,64,19,'media','2021-05-12 11:52:04'),(93,92,50,'messages','2021-05-12 11:52:04'),(94,9,99,'messages','2021-05-12 11:52:04'),(95,64,81,'users','2021-05-12 11:52:04'),(96,61,76,'posts','2021-05-12 11:52:04'),(97,28,77,'media','2021-05-12 11:52:04'),(98,25,41,'messages','2021-05-12 11:52:04'),(99,38,21,'users','2021-05-12 11:52:04'),(100,7,94,'posts','2021-05-12 11:52:04');
/*!40000 ALTER TABLE `likes` ENABLE KEYS */;
UNLOCK TABLES;

--
-- Table structure for table `media`
--

DROP TABLE IF EXISTS `media`;
/*!40101 SET @saved_cs_client     = @@character_set_client */;
/*!50503 SET character_set_client = utf8mb4 */;
CREATE TABLE `media` (
  `id` int unsigned NOT NULL AUTO_INCREMENT COMMENT 'Идентификатор строки',
  `user_id` int unsigned NOT NULL COMMENT 'Ссылка на пользователя, который загрузил файл',
  `filename` varchar(255) CHARACTER SET utf8mb4 COLLATE utf8mb4_unicode_ci NOT NULL COMMENT 'Путь к файлу',
  `size` int NOT NULL COMMENT 'Размер файла',
  `metadata` json DEFAULT NULL,
  `media_type_id` int unsigned NOT NULL COMMENT 'Ссылка на тип контента',
  `created_at` datetime DEFAULT CURRENT_TIMESTAMP COMMENT 'Время создания строки',
  `updated_at` datetime DEFAULT CURRENT_TIMESTAMP ON UPDATE CURRENT_TIMESTAMP COMMENT 'Время обновления строки',
  PRIMARY KEY (`id`),
  KEY `media_user_id_fk` (`user_id`),
  KEY `media_media_type_id_fk` (`media_type_id`),
  CONSTRAINT `media_media_type_id_fk` FOREIGN KEY (`media_type_id`) REFERENCES `media_types` (`id`) ON DELETE CASCADE,
  CONSTRAINT `media_user_id_fk` FOREIGN KEY (`user_id`) REFERENCES `users` (`id`) ON DELETE CASCADE,
  CONSTRAINT `media_chk_1` CHECK (json_valid(`metadata`))
) ENGINE=InnoDB AUTO_INCREMENT=101 DEFAULT CHARSET=utf8mb4 COLLATE=utf8mb4_unicode_ci COMMENT='Медиафайлы';
/*!40101 SET character_set_client = @saved_cs_client */;

--
-- Dumping data for table `media`
--

LOCK TABLES `media` WRITE;
/*!40000 ALTER TABLE `media` DISABLE KEYS */;
INSERT INTO `media` VALUES (1,30,'http://dropbox.net/vk/5VDU7U.mpeg4',64527690,'{\"owner\": \"Tobin Bartell\"}',3,'2018-05-17 22:41:25','2021-05-06 19:56:33'),(2,53,'http://dropbox.net/vk/6IBCTS.png',14850951,'{\"owner\": \"Arden Hand\"}',2,'2012-04-01 16:52:13','2021-05-06 19:48:53'),(3,72,'http://dropbox.net/vk/EXF9JA.mp3',31980830,'{\"owner\": \"Ignatius Schmeler\"}',1,'2019-07-06 01:26:40','2021-05-06 19:56:33'),(4,3,'http://dropbox.net/vk/J4698W.png',80661686,'{\"owner\": \"Victoria Sauer\"}',3,'2020-11-05 01:10:17','2021-05-06 19:56:33'),(5,96,'http://dropbox.net/vk/ESLHOJ.png',58745583,'{\"owner\": \"Travis Schulist\"}',1,'2015-04-01 17:50:57','2021-05-06 19:56:33'),(6,70,'http://dropbox.net/vk/GMGOPTjpeg',953192,'{\"owner\": \"Joana Turcotte\"}',1,'2016-10-10 17:30:26','2021-05-06 19:56:33'),(7,62,'http://dropbox.net/vk/2QIYLA.png',51732859,'{\"owner\": \"Enos Dickens\"}',1,'2020-02-01 17:47:12','2021-05-06 19:56:33'),(8,100,'http://dropbox.net/vk/ZT8QUV.avi',82417551,'{\"owner\": \"Jarrod Schmeler\"}',1,'2013-09-17 03:01:11','2021-05-06 19:56:33'),(9,11,'http://dropbox.net/vk/QUMUKB.mpeg4',56879181,'{\"owner\": \"Lawrence Smitham\"}',3,'2015-07-10 15:23:22','2021-05-06 19:56:33'),(10,58,'http://dropbox.net/vk/QTG0AX.mp3',99066629,'{\"owner\": \"Zackery Hamill\"}',2,'2017-07-31 01:44:26','2021-05-06 19:56:33'),(11,56,'http://dropbox.net/vk/HJBHVH.png',290618925,'{\"owner\": \"Nina Fahey\"}',2,'2017-10-12 21:06:34','2021-05-06 19:56:33'),(12,6,'http://dropbox.net/vk/789GIH.mpeg4',37133255,'{\"owner\": \"Hiram Boyle\"}',1,'2019-01-31 05:53:04','2021-05-06 19:56:33'),(13,62,'http://dropbox.net/vk/JJCSZU.png',15018738,'{\"owner\": \"Enos Dickens\"}',2,'2011-04-30 09:17:06','2021-05-06 19:56:33'),(14,93,'http://dropbox.net/vk/3ZZNHL.mpeg4',790250462,'{\"owner\": \"Eldridge Ritchie\"}',2,'2013-06-02 09:49:31','2021-05-06 19:56:33'),(15,75,'http://dropbox.net/vk/XDVUID.png',63683926,'{\"owner\": \"Madyson Lang\"}',3,'2020-03-23 02:23:37','2021-05-06 19:56:33'),(16,96,'http://dropbox.net/vk/AXGA4U.mpeg4',73353421,'{\"owner\": \"Travis Schulist\"}',1,'2013-09-02 00:42:24','2021-05-06 19:56:33'),(17,53,'http://dropbox.net/vk/QHLV71.mpeg4',75705330,'{\"owner\": \"Arden Hand\"}',3,'2018-04-23 19:01:16','2021-05-06 19:56:33'),(18,79,'http://dropbox.net/vk/RNOHMJ.png',58456393,'{\"owner\": \"Alexis Barton\"}',1,'2020-01-10 19:03:13','2021-05-06 19:56:33'),(19,36,'http://dropbox.net/vk/MTKULF.mpeg4',65155976,'{\"owner\": \"Creola Beahan\"}',1,'2021-04-01 18:53:54','2021-05-06 19:56:33'),(20,43,'http://dropbox.net/vk/V4US5Djpeg',46233,'{\"owner\": \"Angela Gaylord\"}',3,'2014-06-21 13:40:38','2021-05-06 19:56:33'),(21,6,'http://dropbox.net/vk/F7JD0Hjpeg',83721,'{\"owner\": \"Hiram Boyle\"}',2,'2016-02-22 10:01:47','2021-05-06 19:56:33'),(22,1,'http://dropbox.net/vk/IN4GO2.mp3',37778,'{\"owner\": \"Ezekiel Torphy\"}',2,'2020-01-04 07:11:10','2021-05-06 19:56:33'),(23,86,'http://dropbox.net/vk/BL08CUjpeg',76340,'{\"owner\": \"Jake Buckridge\"}',3,'2020-03-10 19:58:39','2021-05-06 19:56:33'),(24,27,'http://dropbox.net/vk/1ZNRTU.avi',6489327,'{\"owner\": \"Mariam Strosin\"}',2,'2012-11-25 12:13:03','2021-05-06 19:56:33'),(25,76,'http://dropbox.net/vk/B7A64Ljpeg',59691,'{\"owner\": \"Nichole Gleichner\"}',3,'2017-09-10 14:33:35','2021-05-06 19:56:33'),(26,99,'http://dropbox.net/vk/E1FJ78.avi',50400706,'{\"owner\": \"Selina Gaylord\"}',3,'2012-08-06 07:06:43','2021-05-06 19:56:33'),(27,65,'http://dropbox.net/vk/0LB5O9jpeg',56525604,'{\"owner\": \"Greyson Donnelly\"}',1,'2015-06-23 20:15:14','2021-05-06 19:56:33'),(28,30,'http://dropbox.net/vk/WU96TJ.avi',31415906,'{\"owner\": \"Tobin Bartell\"}',3,'2020-12-06 06:11:11','2021-05-06 19:56:33'),(29,52,'http://dropbox.net/vk/IFCH4O.mpeg4',61642,'{\"owner\": \"Shayna O\'Keefe\"}',3,'2013-11-07 11:28:29','2021-05-06 19:56:33'),(30,69,'http://dropbox.net/vk/TLYT8O.mpeg4',87492723,'{\"owner\": \"Lorenz Daniel\"}',3,'2016-12-04 15:39:39','2021-05-06 19:56:33'),(31,90,'http://dropbox.net/vk/KRSMV9.avi',14658,'{\"owner\": \"Uriel Hagenes\"}',2,'2017-09-01 22:20:12','2021-05-06 19:56:33'),(32,41,'http://dropbox.net/vk/F12QO3.png',43205900,'{\"owner\": \"Daphne Runolfsdottir\"}',2,'2015-12-04 23:00:13','2021-05-06 19:56:33'),(33,33,'http://dropbox.net/vk/CTZSSK.mpeg4',53541333,'{\"owner\": \"Veronica Spencer\"}',2,'2016-05-24 12:51:07','2021-05-06 19:56:33'),(34,44,'http://dropbox.net/vk/J2QS0Fjpeg',38078969,'{\"owner\": \"Nikko Luettgen\"}',2,'2011-08-16 09:28:06','2021-05-06 19:56:33'),(35,21,'http://dropbox.net/vk/KVQHQ9.mp3',17638124,'{\"owner\": \"Myles Bernhard\"}',2,'2017-04-24 11:27:08','2021-05-06 19:56:33'),(36,74,'http://dropbox.net/vk/B6G4NY.mpeg4',29760852,'{\"owner\": \"Emilio Schulist\"}',1,'2014-07-15 03:35:40','2021-05-06 19:56:33'),(37,4,'http://dropbox.net/vk/T9166T.png',887254,'{\"owner\": \"Vicenta Hane\"}',3,'2012-01-06 02:58:33','2021-05-06 19:56:33'),(38,99,'http://dropbox.net/vk/4PTH03.mpeg4',706985606,'{\"owner\": \"Selina Gaylord\"}',2,'2019-06-25 04:18:50','2021-05-06 19:56:33'),(39,80,'http://dropbox.net/vk/7TZUHT.mpeg4',86141826,'{\"owner\": \"Myron Robel\"}',2,'2019-11-24 02:05:43','2021-05-06 19:56:33'),(40,4,'http://dropbox.net/vk/P0ITIQ.png',34557355,'{\"owner\": \"Vicenta Hane\"}',2,'2015-11-13 13:55:43','2021-05-06 19:56:33'),(41,78,'http://dropbox.net/vk/TKMK64jpeg',83494222,'{\"owner\": \"Chandler Mayer\"}',1,'2020-06-20 00:44:27','2021-05-06 19:56:33'),(42,78,'http://dropbox.net/vk/0TKCC6.avi',816682,'{\"owner\": \"Chandler Mayer\"}',1,'2020-01-11 10:05:12','2021-05-06 19:56:33'),(43,58,'http://dropbox.net/vk/NDY18D.mp3',98207688,'{\"owner\": \"Zackery Hamill\"}',2,'2020-07-30 11:28:51','2021-05-06 19:56:33'),(44,52,'http://dropbox.net/vk/6H1576.avi',87304879,'{\"owner\": \"Shayna O\'Keefe\"}',1,'2017-01-08 05:26:30','2021-05-06 19:56:33'),(45,88,'http://dropbox.net/vk/Y7BMCP.mpeg4',13789047,'{\"owner\": \"Maxime Becker\"}',1,'2017-03-30 06:50:14','2021-05-06 19:56:33'),(46,83,'http://dropbox.net/vk/7LIO7U.png',202061,'{\"owner\": \"Laverne Connelly\"}',2,'2020-07-21 05:51:10','2021-05-06 19:56:33'),(47,50,'http://dropbox.net/vk/7DMI2Zjpeg',18452575,'{\"owner\": \"Lourdes Kertzmann\"}',3,'2014-06-06 01:06:22','2021-05-06 19:56:33'),(48,1,'http://dropbox.net/vk/E3KHT8.avi',2264569,'{\"owner\": \"Ezekiel Torphy\"}',3,'2017-03-12 22:29:29','2021-05-06 19:56:33'),(49,55,'http://dropbox.net/vk/CCYYV1.png',984316,'{\"owner\": \"Estella Casper\"}',3,'2020-09-16 07:48:48','2021-05-06 19:56:33'),(50,69,'http://dropbox.net/vk/JI5CXD.mpeg4',50885736,'{\"owner\": \"Lorenz Daniel\"}',2,'2019-04-09 11:18:33','2021-05-06 19:56:33'),(51,82,'http://dropbox.net/vk/OFTW3Kjpeg',3907669,'{\"owner\": \"Jeffrey Mueller\"}',3,'2012-08-24 11:54:02','2021-05-06 19:56:33'),(52,3,'http://dropbox.net/vk/ROPDRL.mpeg4',1824461,'{\"owner\": \"Victoria Sauer\"}',1,'2015-11-19 16:56:58','2021-05-06 19:56:33'),(53,69,'http://dropbox.net/vk/T418L4.mp3',99060961,'{\"owner\": \"Lorenz Daniel\"}',1,'2021-02-26 02:28:04','2021-05-06 19:56:33'),(54,34,'http://dropbox.net/vk/QI21OO.png',25291,'{\"owner\": \"Eloy Daugherty\"}',3,'2019-09-19 11:13:38','2021-05-06 19:56:33'),(55,62,'http://dropbox.net/vk/966IPW.mp3',7110462,'{\"owner\": \"Enos Dickens\"}',2,'2018-03-05 23:26:27','2021-05-06 19:56:33'),(56,7,'http://dropbox.net/vk/2CQGLD.avi',42637597,'{\"owner\": \"Jovany Huels\"}',2,'2016-03-17 23:10:38','2021-05-06 19:56:33'),(57,47,'http://dropbox.net/vk/K94QV1.mpeg4',15995109,'{\"owner\": \"Randal Koelpin\"}',3,'2011-05-05 18:41:57','2021-05-06 19:56:33'),(58,16,'http://dropbox.net/vk/M7GCKXjpeg',52052756,'{\"owner\": \"Chelsie Spencer\"}',1,'2017-06-26 13:04:39','2021-05-06 19:56:33'),(59,40,'http://dropbox.net/vk/E9VIDBjpeg',12268458,'{\"owner\": \"Herbert O\'Hara\"}',3,'2019-03-06 12:02:37','2021-05-06 19:56:33'),(60,48,'http://dropbox.net/vk/4R0I5Q.avi',876560758,'{\"owner\": \"Shakira Cole\"}',1,'2020-11-29 14:46:34','2021-05-06 19:56:33'),(61,22,'http://dropbox.net/vk/GXFZQI.mpeg4',7032596,'{\"owner\": \"Austin Reichert\"}',3,'2018-06-05 18:44:58','2021-05-06 19:56:33'),(62,66,'http://dropbox.net/vk/YE6G98.mp3',434003,'{\"owner\": \"Tatum Bartell\"}',1,'2014-04-20 22:45:42','2021-05-06 19:56:33'),(63,63,'http://dropbox.net/vk/D6KA4Ijpeg',79813,'{\"owner\": \"Annette Wisozk\"}',3,'2013-09-30 21:21:22','2021-05-06 19:56:33'),(64,18,'http://dropbox.net/vk/YQA1WQ.mp3',930078,'{\"owner\": \"Domenica Schaefer\"}',2,'2021-03-20 17:14:26','2021-05-06 19:56:33'),(65,100,'http://dropbox.net/vk/Q3PF7Y.avi',8273619,'{\"owner\": \"Jarrod Schmeler\"}',1,'2019-02-13 05:46:37','2021-05-06 19:56:33'),(66,46,'http://dropbox.net/vk/QBOYFI.mp3',5174024,'{\"owner\": \"Eino Murazik\"}',3,'2013-03-11 03:20:23','2021-05-06 19:56:33'),(67,27,'http://dropbox.net/vk/HBCIJG.mp3',8435941,'{\"owner\": \"Mariam Strosin\"}',3,'2021-01-29 09:44:38','2021-05-06 19:56:33'),(68,97,'http://dropbox.net/vk/7LNPGO.png',1300985,'{\"owner\": \"Ellen Ernser\"}',2,'2016-04-04 14:42:09','2021-05-06 19:56:33'),(69,5,'http://dropbox.net/vk/M28ZQU.mpeg4',565315984,'{\"owner\": \"Adrianna Grant\"}',1,'2014-03-17 23:40:57','2021-05-06 19:56:33'),(70,31,'http://dropbox.net/vk/FI9UE1.mp3',76628,'{\"owner\": \"Theodora Hermiston\"}',2,'2014-11-19 14:15:43','2021-05-06 19:56:33'),(71,42,'http://dropbox.net/vk/BCM8RJ.mp3',12626,'{\"owner\": \"Rubye Kreiger\"}',1,'2017-05-29 10:44:54','2021-05-06 19:56:33'),(72,15,'http://dropbox.net/vk/A89OPHjpeg',731538,'{\"owner\": \"Abdullah Emmerich\"}',1,'2016-01-31 03:50:46','2021-05-06 19:56:33'),(73,50,'http://dropbox.net/vk/H3HPAO.avi',89054750,'{\"owner\": \"Lourdes Kertzmann\"}',1,'2016-06-05 16:56:57','2021-05-06 19:56:33'),(74,3,'http://dropbox.net/vk/ISNGER.mpeg4',29741682,'{\"owner\": \"Victoria Sauer\"}',1,'2018-11-28 14:33:17','2021-05-06 19:56:33'),(75,64,'http://dropbox.net/vk/6OS67K.png',81534165,'{\"owner\": \"Destiney Kunde\"}',2,'2016-01-18 13:48:33','2021-05-06 19:56:33'),(76,12,'http://dropbox.net/vk/D1YHVI.png',18435780,'{\"owner\": \"Arlene Torp\"}',3,'2012-03-09 17:30:59','2021-05-06 19:56:33'),(77,68,'http://dropbox.net/vk/97FYSO.mp3',47566409,'{\"owner\": \"Eleonore Klein\"}',1,'2014-11-28 11:05:04','2021-05-06 19:56:33'),(78,1,'http://dropbox.net/vk/6VCCEOjpeg',414343650,'{\"owner\": \"Ezekiel Torphy\"}',2,'2015-06-26 19:33:52','2021-05-06 19:56:33'),(79,1,'http://dropbox.net/vk/6QDTP9.avi',429747580,'{\"owner\": \"Ezekiel Torphy\"}',1,'2012-02-16 21:58:07','2021-05-06 19:56:33'),(80,100,'http://dropbox.net/vk/D1W3C2.mpeg4',296317,'{\"owner\": \"Jarrod Schmeler\"}',1,'2018-12-03 13:50:31','2021-05-06 19:56:33'),(81,98,'http://dropbox.net/vk/92AZMH.avi',82514709,'{\"owner\": \"Jailyn Thompson\"}',2,'2016-09-05 12:19:19','2021-05-06 19:56:33'),(82,89,'http://dropbox.net/vk/65UO62jpeg',69864321,'{\"owner\": \"Elmo Mraz\"}',2,'2014-01-09 07:49:58','2021-05-06 19:56:33'),(83,51,'http://dropbox.net/vk/3MCE0S.mp3',346171,'{\"owner\": \"Tyrell DuBuque\"}',2,'2020-06-25 05:50:18','2021-05-06 19:56:33'),(84,88,'http://dropbox.net/vk/ZM5XNI.png',68365,'{\"owner\": \"Maxime Becker\"}',3,'2014-07-27 06:16:00','2021-05-06 19:56:33'),(85,87,'http://dropbox.net/vk/N7SI94.mpeg4',1767481,'{\"owner\": \"Damion Ferry\"}',3,'2016-08-01 21:33:37','2021-05-06 19:56:33'),(86,69,'http://dropbox.net/vk/98GQCV.png',99234447,'{\"owner\": \"Lorenz Daniel\"}',2,'2014-05-21 02:07:46','2021-05-06 19:56:33'),(87,86,'http://dropbox.net/vk/CIY52X.png',781755867,'{\"owner\": \"Jake Buckridge\"}',2,'2011-12-14 11:27:15','2021-05-06 19:56:33'),(88,19,'http://dropbox.net/vk/YXCIDWjpeg',90859794,'{\"owner\": \"Lera Anderson\"}',1,'2016-11-26 16:32:25','2021-05-06 19:56:33'),(89,38,'http://dropbox.net/vk/T1W4QL.avi',56585632,'{\"owner\": \"Rollin Nicolas\"}',1,'2014-01-14 13:05:22','2021-05-06 19:56:33'),(90,34,'http://dropbox.net/vk/4HF4L2.avi',77508,'{\"owner\": \"Eloy Daugherty\"}',3,'2011-07-05 07:43:21','2021-05-06 19:56:33'),(91,54,'http://dropbox.net/vk/79F8RHjpeg',957688,'{\"owner\": \"Gladys Herman\"}',2,'2017-06-17 01:20:59','2021-05-06 19:56:33'),(92,70,'http://dropbox.net/vk/MUUU3Z.png',10338782,'{\"owner\": \"Joana Turcotte\"}',1,'2014-03-28 18:58:02','2021-05-06 19:56:33'),(93,85,'http://dropbox.net/vk/KI0GBE.avi',81927017,'{\"owner\": \"Kailee Marks\"}',3,'2018-04-01 02:42:00','2021-05-06 19:56:33'),(94,15,'http://dropbox.net/vk/XXHRAX.avi',37143937,'{\"owner\": \"Abdullah Emmerich\"}',2,'2020-08-11 08:09:42','2021-05-06 19:56:33'),(95,20,'http://dropbox.net/vk/05FFMB.avi',78608743,'{\"owner\": \"Donavon Mayer\"}',1,'2015-11-05 14:01:15','2021-05-06 19:56:33'),(96,54,'http://dropbox.net/vk/6YNW8L.avi',49279655,'{\"owner\": \"Gladys Herman\"}',3,'2017-08-29 18:45:27','2021-05-06 19:56:33'),(97,8,'http://dropbox.net/vk/YD16DV.mp3',55394,'{\"owner\": \"Grayce Quigley\"}',3,'2015-05-24 15:39:12','2021-05-06 19:56:33'),(98,77,'http://dropbox.net/vk/6X679G.mpeg4',738580,'{\"owner\": \"Hunter Frami\"}',3,'2012-09-17 18:48:35','2021-05-06 19:56:33'),(99,64,'http://dropbox.net/vk/3IRH7L.png',9798664,'{\"owner\": \"Destiney Kunde\"}',2,'2019-07-19 23:05:09','2021-05-06 19:56:33'),(100,85,'http://dropbox.net/vk/WUASBE.png',62866,'{\"owner\": \"Kailee Marks\"}',1,'2014-10-28 00:03:55','2021-05-06 19:56:33');
/*!40000 ALTER TABLE `media` ENABLE KEYS */;
UNLOCK TABLES;

--
-- Table structure for table `media_types`
--

DROP TABLE IF EXISTS `media_types`;
/*!40101 SET @saved_cs_client     = @@character_set_client */;
/*!50503 SET character_set_client = utf8mb4 */;
CREATE TABLE `media_types` (
  `id` int unsigned NOT NULL AUTO_INCREMENT COMMENT 'Идентификатор строки',
  `name` varchar(255) CHARACTER SET utf8mb4 COLLATE utf8mb4_unicode_ci NOT NULL COMMENT 'Название типа',
  `created_at` datetime DEFAULT CURRENT_TIMESTAMP COMMENT 'Время создания строки',
  `updated_at` datetime DEFAULT CURRENT_TIMESTAMP ON UPDATE CURRENT_TIMESTAMP COMMENT 'Время обновления строки',
  PRIMARY KEY (`id`),
  UNIQUE KEY `name` (`name`)
) ENGINE=InnoDB AUTO_INCREMENT=4 DEFAULT CHARSET=utf8mb4 COLLATE=utf8mb4_unicode_ci COMMENT='Типы медиафайлов';
/*!40101 SET character_set_client = @saved_cs_client */;

--
-- Dumping data for table `media_types`
--

LOCK TABLES `media_types` WRITE;
/*!40000 ALTER TABLE `media_types` DISABLE KEYS */;
INSERT INTO `media_types` VALUES (1,'photo','2021-05-06 19:55:12','2021-05-06 19:55:12'),(2,'video','2021-05-06 19:55:12','2021-05-06 19:55:12'),(3,'audio','2021-05-06 19:55:12','2021-05-06 19:55:12');
/*!40000 ALTER TABLE `media_types` ENABLE KEYS */;
UNLOCK TABLES;

--
-- Table structure for table `messages`
--

DROP TABLE IF EXISTS `messages`;
/*!40101 SET @saved_cs_client     = @@character_set_client */;
/*!50503 SET character_set_client = utf8mb4 */;
CREATE TABLE `messages` (
  `id` int unsigned NOT NULL AUTO_INCREMENT COMMENT 'Идентификатор строки',
  `from_user_id` int unsigned NOT NULL COMMENT 'Ссылка на отправителя сообщения',
  `to_user_id` int unsigned NOT NULL COMMENT 'Ссылка на получателя сообщения',
  `body` text CHARACTER SET utf8mb4 COLLATE utf8mb4_unicode_ci NOT NULL COMMENT 'Текст сообщения',
  `media_id` int unsigned DEFAULT NULL,
  `is_important` tinyint(1) DEFAULT NULL COMMENT 'Признак важности',
  `delivered_at` timestamp NULL DEFAULT NULL,
  `created_at` datetime DEFAULT CURRENT_TIMESTAMP COMMENT 'Время создания строки',
  PRIMARY KEY (`id`),
  KEY `messages_from_user_id_fk` (`from_user_id`),
  KEY `messages_media_id_fk` (`media_id`),
  CONSTRAINT `messages_from_user_id_fk` FOREIGN KEY (`from_user_id`) REFERENCES `users` (`id`) ON DELETE CASCADE,
  CONSTRAINT `messages_media_id_fk` FOREIGN KEY (`media_id`) REFERENCES `media` (`id`) ON DELETE SET NULL
) ENGINE=InnoDB AUTO_INCREMENT=101 DEFAULT CHARSET=utf8mb4 COLLATE=utf8mb4_unicode_ci COMMENT='Сообщения';
/*!40101 SET character_set_client = @saved_cs_client */;

--
-- Dumping data for table `messages`
--

LOCK TABLES `messages` WRITE;
/*!40000 ALTER TABLE `messages` DISABLE KEYS */;
INSERT INTO `messages` VALUES (1,66,89,'At sunt aut minima repellendus et dolor. Perferendis in minima praesentium voluptas at at nobis. Totam omnis non animi non ex distinctio qui.',36,1,'2021-03-02 19:00:00','2018-06-11 06:49:13'),(2,5,34,'Natus iure repellat quod ab blanditiis. Id quo iste repellat aliquid accusamus qui voluptate. Dolor enim voluptatem commodi numquam qui sit est aliquam.',65,0,'2021-04-09 19:00:00','2020-06-10 12:15:32'),(3,28,5,'Dolorem facere labore et enim. Quo harum veritatis temporibus. Quisquam asperiores eum rerum sed ullam nisi dolore cum. Quaerat consequatur quibusdam modi sapiente voluptatem corrupti.',18,0,'2021-01-12 19:00:00','2011-09-02 06:43:52'),(4,23,20,'Molestias omnis laborum cupiditate. Voluptatibus amet ea qui quas natus exercitationem consequuntur molestiae. Sit vel blanditiis saepe culpa. Et nemo nostrum atque repudiandae et.',94,1,'2021-03-04 19:00:00','2020-08-14 14:36:47'),(5,30,85,'Sint et libero quod. Et beatae sed blanditiis adipisci et quidem voluptatibus omnis.',13,0,'2021-03-21 19:00:00','2018-03-05 09:26:16'),(6,79,66,'Praesentium maxime nisi perferendis aut eligendi. Accusamus quod ipsam est vitae sint sed ut. Iste provident voluptatem temporibus voluptatem. Quasi et eum ea rem adipisci.',83,1,'2021-01-11 19:00:00','2014-05-01 15:59:05'),(7,8,72,'Vel et ut veritatis ea vitae voluptas qui. Impedit sunt dignissimos sed est distinctio ratione sapiente qui.',76,1,'2021-01-13 19:00:00','2019-01-02 22:40:27'),(8,1,62,'Qui autem qui exercitationem rerum. Repudiandae ea aut omnis dolore impedit aut inventore.\nAut id est quisquam odit veritatis. Quo et dolor rem suscipit nulla. Ut sed sunt unde aspernatur.',29,1,'2021-02-01 19:00:00','2018-03-21 13:10:40'),(9,79,93,'Et et aut omnis sed alias molestiae beatae. Nam numquam voluptatum quia nihil.',19,1,'2021-01-20 19:00:00','2020-05-09 02:31:50'),(10,94,78,'Ut nam dignissimos optio nam sunt et. Ut nihil voluptates et sed nisi voluptas. Perferendis sequi culpa ea nostrum neque. Modi dolorum reprehenderit sit sit ut.',8,0,'2021-01-07 19:00:00','2011-10-29 13:24:48'),(11,33,13,'Modi commodi dolorum voluptatem beatae omnis. Asperiores deserunt sit porro consequatur doloremque. Debitis odit quibusdam commodi debitis rem sequi cum.',83,0,'2021-03-15 19:00:00','2013-01-14 17:43:37'),(12,82,30,'Nulla dolorem provident consequatur ea assumenda ad qui expedita. Aliquid quidem nulla eum molestias corporis quae. Distinctio velit sit sint exercitationem.',91,0,'2021-02-19 19:00:00','2017-04-16 17:28:48'),(13,8,12,'Magnam magni rerum sunt quos. Autem excepturi ut consequatur adipisci. Assumenda omnis recusandae doloremque adipisci.',5,0,'2021-01-27 19:00:00','2018-01-01 00:12:39'),(14,96,67,'Explicabo nobis nobis consectetur sit voluptas. Recusandae id vel qui accusamus omnis. Dolores eius voluptatum quisquam nesciunt laboriosam unde.',51,1,'2021-03-24 19:00:00','2014-04-05 12:40:14'),(15,57,99,'Recusandae dolores maiores fugit enim. Esse ea accusantium rem id natus. Qui voluptatum consequatur perferendis voluptatem quas enim.',42,0,'2021-02-06 19:00:00','2019-02-15 12:38:04'),(16,93,95,'Consequatur aperiam ducimus soluta quas id impedit totam. Sit laboriosam exercitationem id ratione. Commodi numquam mollitia voluptate quibusdam nesciunt sequi voluptas.',53,0,'2021-02-02 19:00:00','2014-10-12 02:25:51'),(17,96,78,'Adipisci adipisci ut veritatis et. Magni tempore nobis adipisci mollitia sit dicta repudiandae. Et harum aut corporis dolor. Sapiente placeat voluptatem animi sequi accusantium perferendis.',40,1,'2021-02-25 19:00:00','2014-01-05 22:33:43'),(18,98,2,'Aspernatur deleniti aut laborum. Quisquam et sint enim velit. Sint ipsam id modi a accusamus qui molestiae. Rerum molestias amet id et magnam maiores.',39,0,'2021-03-21 19:00:00','2018-12-12 21:35:04'),(19,4,75,'Illo et pariatur nobis quis. Voluptatem illum quis corrupti quos consequatur suscipit. Sunt et quam reiciendis numquam aspernatur odit perferendis. Et est suscipit itaque qui.',74,1,'2021-01-31 19:00:00','2019-06-21 23:51:05'),(20,23,70,'Est itaque aspernatur voluptas iusto ullam aut. Deleniti temporibus quam saepe ut. Unde labore magni dolores expedita provident omnis excepturi.',52,1,'2021-01-15 19:00:00','2019-07-07 11:17:00'),(21,4,24,'Non modi error sequi est consequatur corrupti eum. Qui error labore inventore. Occaecati sint ad consequatur alias.',40,1,'2021-03-24 19:00:00','2015-09-08 19:37:13'),(22,51,8,'Molestiae nostrum iusto omnis facere blanditiis ut libero. Et est eligendi vitae fugit at autem repellendus. Eaque accusantium non ut et et consequuntur. Modi voluptates omnis ipsum est recusandae.',42,1,'2021-03-10 19:00:00','2016-04-01 13:30:29'),(23,43,68,'Aliquid distinctio accusantium fuga dolorem fuga et. Et et iusto libero alias et dolore ab. Tempora earum similique sint sit.',92,1,'2021-04-07 19:00:00','2019-05-03 15:17:42'),(24,61,16,'Et dolorem quia velit quo vero. Sed corrupti odio officiis suscipit aliquam. Rerum voluptatem sint pariatur et nisi.',30,1,'2021-03-19 19:00:00','2013-08-24 22:45:48'),(25,76,75,'Quas animi voluptate non illum tempore ullam. Dicta laborum saepe officiis non dolorum totam.',75,0,'2021-04-08 19:00:00','2015-08-17 07:13:38'),(26,98,26,'Harum eaque quo nostrum architecto aut et. Suscipit nobis est eum ullam illum. Dolorum aut rem architecto reiciendis.',85,1,'2021-02-25 19:00:00','2015-04-28 20:53:32'),(27,61,4,'Consequatur voluptate iure quo qui nihil occaecati ea. Et asperiores voluptatem voluptate cum qui. Consectetur repellat quis dolor omnis dolorum debitis.',97,0,'2021-03-25 19:00:00','2015-09-08 10:41:57'),(28,9,41,'Ea harum ullam et quod voluptas velit velit laborum. Omnis molestias nesciunt quisquam dolorum veniam ut repellendus. Voluptatem quo qui ut unde.',33,1,'2021-02-25 19:00:00','2015-09-30 18:07:51'),(29,63,94,'Non nihil reiciendis architecto quis. Dolorem eum qui doloremque animi aperiam consectetur inventore. Quia rem est repudiandae est. Et rerum placeat accusantium est et rerum et.',72,1,'2021-01-25 19:00:00','2012-10-06 06:47:47'),(30,88,47,'Aut aut quia debitis et repudiandae porro. Nisi in et aut eius a voluptatum. Molestiae dolorem quis exercitationem voluptas enim.',60,1,'2021-02-28 19:00:00','2020-08-13 03:21:33'),(31,48,50,'Architecto et ipsam minus ut id. Qui dolores sed et non quam. Asperiores adipisci sed necessitatibus.',84,1,'2021-01-18 19:00:00','2015-04-25 22:58:37'),(32,77,10,'Similique necessitatibus aut et nisi temporibus quis saepe. Optio soluta ut sed occaecati quisquam.',41,1,'2021-01-12 19:00:00','2020-12-24 02:54:43'),(33,42,98,'Illo soluta nemo eaque deleniti. Explicabo reprehenderit et est exercitationem perspiciatis sunt iusto. Quibusdam esse fuga mollitia laborum libero.',52,0,'2021-01-06 19:00:00','2019-06-15 12:31:24'),(34,78,61,'Officia quis error quos laboriosam est nemo. Aut nihil rem deleniti quas consequuntur debitis. Similique qui quis laudantium est.',38,0,'2021-04-07 19:00:00','2019-04-15 11:01:51'),(35,64,8,'Itaque similique ea dignissimos dolorem. Excepturi dolore ut occaecati consequatur. Vero laborum fuga explicabo aut.',30,1,'2021-03-05 19:00:00','2019-03-03 16:42:04'),(36,83,58,'A assumenda quia fugit. Culpa eaque impedit nisi nobis est unde quaerat. Atque qui at qui harum veritatis et officiis eos. Iure omnis voluptas in.',37,0,'2021-01-31 19:00:00','2019-10-22 09:55:47'),(37,24,67,'Magnam et eveniet itaque dolorem occaecati. Fugiat eveniet ut sint molestiae. Itaque explicabo eveniet dolor soluta. Quam dicta non sit ut eos nisi.',96,0,'2021-03-03 19:00:00','2014-07-13 17:24:58'),(38,70,59,'Sed nemo omnis expedita omnis et culpa quia quaerat. Dolores est dignissimos nihil veniam. Harum aut veniam porro assumenda unde nisi eos.',67,0,'2021-01-15 19:00:00','2011-10-10 21:19:24'),(39,79,96,'Autem quia magnam placeat quod. Et quo ut sit. Odio aut eius libero eveniet quas et esse. Est eos sed occaecati id.',45,0,'2021-04-01 19:00:00','2015-01-05 07:16:01'),(40,85,100,'Asperiores repellendus voluptatem eum. Sint quaerat ab inventore magni voluptatibus molestiae id. Tempore architecto est est qui occaecati aliquid.',27,0,'2021-01-11 19:00:00','2011-05-27 23:24:32'),(41,88,13,'Deleniti aliquam repellendus qui. Enim ad blanditiis vel voluptates debitis distinctio rerum. Nemo sed rerum eligendi delectus et. Dignissimos fugiat et nemo dolores delectus saepe.',97,0,'2021-03-24 19:00:00','2015-02-17 03:02:41'),(42,82,64,'Voluptatem saepe provident voluptas enim vel numquam. Consequatur ea neque temporibus est quia aut. Quidem ab omnis pariatur voluptatem eveniet.',2,0,'2021-03-22 19:00:00','2020-07-11 09:43:07'),(43,46,79,'Non hic vero explicabo voluptatum. Est veritatis suscipit asperiores. Illum dignissimos magnam reprehenderit neque. Cupiditate sunt voluptatum placeat nostrum officia maxime.',21,0,'2021-02-26 19:00:00','2013-02-11 18:39:03'),(44,83,4,'Aspernatur sit dolorem aut iure nesciunt voluptatum. Error quidem voluptate soluta. Totam facilis ut ut sint sint enim a. Inventore soluta accusamus at accusamus porro dolore.',99,0,'2021-02-10 19:00:00','2015-05-15 08:44:12'),(45,77,84,'Eius deleniti commodi corrupti voluptates id saepe assumenda. Autem ut optio quas consequatur error voluptas voluptatem. Commodi in in quae qui nisi nesciunt.',31,1,'2021-02-02 19:00:00','2019-12-15 02:09:34'),(46,38,5,'Autem nesciunt omnis ut. Temporibus rerum deserunt necessitatibus facere adipisci nihil ipsum. Et nam sequi sequi.',57,1,'2021-02-11 19:00:00','2012-03-09 21:29:40'),(47,55,75,'Perferendis laboriosam accusamus vitae qui enim. Et omnis nemo omnis ab. Et quis nesciunt non esse et.',91,1,'2021-01-13 19:00:00','2015-01-06 15:31:08'),(48,62,57,'Aliquam distinctio laboriosam debitis exercitationem qui error. Cum rerum illo voluptas commodi. Qui dolorem debitis voluptate inventore.',82,1,'2021-02-07 19:00:00','2014-04-10 21:34:41'),(49,43,61,'Numquam maxime ipsam rem optio. Est nihil quis rerum eius eligendi velit perspiciatis. Enim iusto voluptates sint qui. Ipsam a excepturi autem nostrum autem libero quis eaque.',40,0,'2021-02-19 19:00:00','2011-11-26 04:03:12'),(50,31,32,'Non ipsam quisquam deserunt ullam numquam voluptatum autem. Molestiae unde cum voluptas rerum sequi tempore. Nisi magni dolorem vitae eum.',50,1,'2021-05-06 13:37:02','2021-02-14 07:53:29'),(51,25,75,'Recusandae est voluptatem similique aut repellendus et repudiandae. Incidunt quis laborum blanditiis quae ut dolorem. Repudiandae voluptatem qui ut cum sit.',30,0,'2021-01-31 19:00:00','2012-04-24 21:27:21'),(52,33,79,'Provident commodi non aut libero. Quidem est nam ut est mollitia veniam maxime. Ad esse quasi nihil sed.',2,0,'2021-02-15 19:00:00','2011-07-09 19:16:30'),(53,86,71,'Ipsum ducimus voluptas id similique facere porro repellat accusantium. Velit quis consequatur aut asperiores. Ut consequatur neque vitae deserunt et rerum. Dolores omnis ipsam aliquid animi.',18,0,'2021-02-05 19:00:00','2015-07-24 06:33:53'),(54,33,19,'Et commodi et nostrum minus voluptatum soluta. Ratione totam voluptatem eveniet alias. Ducimus voluptatem officia magnam vel inventore fuga est. Suscipit omnis vero perspiciatis magni aut voluptas.',84,0,'2021-02-11 19:00:00','2017-05-20 15:36:22'),(55,5,78,'Ut est pariatur similique. Ut dignissimos esse impedit laudantium.',65,1,'2021-01-03 19:00:00','2013-03-17 00:37:47'),(56,28,35,'Et nihil voluptatem dignissimos ut. Rerum ipsa tenetur rerum ex consectetur velit. Aliquam cumque non deserunt et voluptas magni omnis.',73,0,'2021-03-31 19:00:00','2015-11-22 06:46:54'),(57,22,42,'Nisi quaerat aspernatur a nostrum rerum. Illo et exercitationem laboriosam non nihil tenetur enim. Est veritatis et consequatur tempora. Aut animi amet ea possimus enim fugit.',71,0,'2021-05-06 13:37:02','2021-03-18 08:32:08'),(58,28,1,'Sunt quo quia fugit non sit est laborum. Fugiat enim praesentium illo labore voluptatibus vel velit. Debitis ratione voluptates ut aut occaecati. Maxime facilis earum est velit.',35,0,'2021-01-27 19:00:00','2017-09-04 17:20:41'),(59,73,80,'Provident repellat commodi mollitia quae quidem. Impedit repudiandae voluptate ut ut omnis non. Neque consectetur nihil sit illo consectetur.',61,0,'2021-01-16 19:00:00','2017-02-25 15:14:46'),(60,80,95,'Ipsum recusandae laboriosam dicta quos excepturi explicabo corrupti consequatur. Rerum nihil incidunt a ipsa voluptas ut et. Id pariatur enim praesentium et autem amet cupiditate.',1,0,'2021-01-01 19:00:00','2019-08-06 04:12:07'),(61,83,35,'Dicta odio nemo eligendi facere inventore et inventore. Accusamus in nihil aut doloremque tempora corporis.',21,0,'2021-02-26 19:00:00','2014-03-26 18:54:47'),(62,71,91,'Impedit consequatur recusandae veniam eos. Ut velit dicta praesentium maxime. Rem veniam suscipit laboriosam sapiente qui perspiciatis rerum. Quis eos corrupti distinctio at id ut ad.',100,0,'2021-03-23 19:00:00','2015-01-20 20:36:11'),(63,7,50,'Autem et sunt cupiditate aut nemo impedit. Et et voluptates molestiae impedit.',39,1,'2021-02-08 19:00:00','2016-07-29 16:30:56'),(64,22,75,'Qui illo est deleniti rerum fugit. Veritatis amet vero fugiat porro est et soluta. Aut ut voluptatum qui omnis. Modi sint consequatur aut odit.',94,1,'2021-02-19 19:00:00','2014-02-20 11:44:08'),(65,89,24,'Aspernatur velit saepe odit dolor odit. Rerum consequatur magnam perferendis nihil perferendis eaque. Quia enim quia reprehenderit aut ut ab repellat. Sunt sit eum quod quo modi accusantium.',53,0,'2021-01-31 19:00:00','2013-06-28 11:47:29'),(66,78,95,'Voluptatem distinctio dignissimos itaque voluptas vel veniam. Sit a laborum omnis similique. Vel est voluptate praesentium harum rem.',84,1,'2021-01-05 19:00:00','2012-07-18 19:10:54'),(67,24,1,'Reprehenderit modi sed nam mollitia corrupti laudantium. Cumque magni ipsam dolore. Error nam id optio minima quo.',58,1,'2021-01-31 19:00:00','2011-11-06 21:17:10'),(68,84,22,'Hic blanditiis aliquam libero necessitatibus est porro. Omnis earum dolorem nemo. Molestiae est accusamus sapiente ex. Eaque repudiandae rem ut est illo aut modi.',37,1,'2021-02-10 19:00:00','2011-05-21 04:56:01'),(69,47,6,'Sunt dolore temporibus ducimus. Fuga alias fugit molestiae omnis. Enim placeat beatae possimus vel ex ratione.',13,0,'2021-01-10 19:00:00','2018-05-31 00:29:59'),(70,84,63,'Earum quia officia neque exercitationem magni voluptas quia. Debitis et et occaecati saepe libero asperiores officia dolorem. Omnis dolorum rerum eos.',51,0,'2021-01-29 19:00:00','2012-04-15 11:01:18'),(71,79,96,'Sit est dolores maiores totam voluptas rerum. Quibusdam minus eum neque temporibus aliquid. Tempore molestiae illo incidunt dolores. Eos corrupti repellendus fugiat consequuntur ea non.',17,0,'2021-01-16 19:00:00','2012-05-22 16:16:45'),(72,40,93,'Sunt dignissimos animi eveniet molestias exercitationem quia voluptas rerum. Fugiat expedita molestias natus quisquam. Aut amet dolorum veritatis dicta dolore earum est.',33,1,'2021-04-03 19:00:00','2014-03-31 21:10:19'),(73,63,74,'Repellat consequatur itaque ea aut ut enim magnam. Ut nihil commodi qui architecto asperiores voluptatem. Possimus porro ut sint possimus quo.',13,0,'2021-01-17 19:00:00','2015-05-06 05:30:22'),(74,93,92,'Corrupti dolor quasi ut expedita. Asperiores voluptatem neque facere. Provident rerum soluta a consequuntur fuga. Tenetur voluptatem vel eligendi et. Amet aut voluptatem doloribus minus.',63,1,'2021-01-06 19:00:00','2013-10-28 04:23:38'),(75,77,38,'Fugit totam at ex mollitia magnam dolor autem. Pariatur dicta adipisci molestiae at.\nExplicabo eius ratione modi cumque. Quis laboriosam qui tempore voluptate laudantium fugiat qui atque.',79,1,'2021-03-22 19:00:00','2018-05-31 12:59:19'),(76,4,14,'Doloremque labore natus dolor nemo voluptatem. Soluta eaque rerum sunt illum. Libero reiciendis explicabo et et perferendis sunt.',4,1,'2021-03-25 19:00:00','2019-07-28 07:24:50'),(77,88,54,'Quisquam quaerat delectus libero eos neque reprehenderit. Eos quod id sunt neque libero rem eius. Ea quia quisquam similique asperiores aperiam mollitia voluptas aut.',82,0,'2021-03-17 19:00:00','2021-02-07 21:37:41'),(78,27,26,'Cumque voluptatem id quo minus nihil numquam ea. Aut et ut eius blanditiis beatae consequatur. Quo dolores accusantium delectus ea dolor voluptatem aut. Cumque occaecati aliquid ea odit quam maiores.',97,0,'2021-01-29 19:00:00','2020-03-04 17:43:57'),(79,73,70,'Qui nemo porro in. Officiis debitis et id atque deleniti. Laborum molestias voluptas doloribus veritatis rem sed voluptas. Quos nam consequatur soluta aliquam et accusantium quis.',40,1,'2021-01-16 19:00:00','2014-11-15 05:43:18'),(80,85,71,'Nemo neque voluptatibus voluptates aliquam vel quidem. Et tenetur sed est. Vero quisquam natus excepturi consequatur explicabo.',8,0,'2021-04-02 19:00:00','2018-01-29 06:40:33'),(81,2,43,'Nostrum rem cupiditate numquam est. Esse quo corporis aut sequi eius et rerum. Iste quo omnis dolor. Officiis voluptatem quis ut et quas eius.',21,0,'2021-01-14 19:00:00','2016-04-28 09:43:01'),(82,55,3,'Perspiciatis ut itaque omnis eius. Reiciendis veritatis rerum et ut quis corporis velit est. Eius hic pariatur sapiente commodi libero.',81,0,'2021-04-03 19:00:00','2020-12-03 21:51:54'),(83,71,85,'Rem quisquam illo eaque facere dolores. Iste dolorum sit error fugiat.',39,0,'2021-01-24 19:00:00','2019-08-17 14:35:31'),(84,88,15,'Occaecati eveniet beatae delectus sit. Laboriosam ratione ducimus voluptatem cupiditate. Impedit aperiam explicabo sit molestiae unde ut.',53,1,'2021-02-11 19:00:00','2014-12-01 05:06:06'),(85,28,19,'Ipsum aut id unde sunt quo nulla. Ipsum non cumque aut velit sint. Temporibus ex nulla rem voluptatem voluptatem. Est et facere consequuntur cum ut voluptas laboriosam.',48,1,'2021-02-07 19:00:00','2017-07-02 05:15:40'),(86,76,49,'Quos quisquam vel delectus ullam rerum. Tempora consequatur possimus omnis doloribus culpa consequuntur maiores tempore. Ut omnis voluptas fuga est.',81,1,'2021-03-05 19:00:00','2016-05-01 01:42:31'),(87,95,88,'Beatae eius veritatis voluptatem quo. In ut reiciendis a et. Distinctio laboriosam odit officiis voluptas accusamus quo. Laudantium accusantium non suscipit soluta hic eaque.',60,0,'2021-01-07 19:00:00','2011-06-29 06:41:54'),(88,45,94,'Voluptatem iste temporibus aut corporis sed. Vel consequatur veniam quisquam aspernatur fuga culpa eaque. Praesentium id autem aut consectetur.',56,0,'2021-02-10 19:00:00','2016-03-06 07:05:33'),(89,41,3,'In possimus animi qui molestiae sunt molestias et. Molestiae quae nisi ea. Quod neque ut aut voluptatem qui. Quia quis amet nam.',1,1,'2021-03-24 19:00:00','2012-01-10 14:13:08'),(90,70,33,'Et eligendi aspernatur et error. Mollitia aliquid vel voluptatem neque. Eos nulla autem reprehenderit eligendi. At perspiciatis est aut veniam atque.',37,0,'2021-04-01 19:00:00','2016-06-04 12:01:19'),(91,27,57,'Provident eligendi cumque quo molestiae sit quia doloremque. Reprehenderit rerum qui dolorum accusamus repellendus quibusdam. Autem blanditiis ad deserunt eligendi a.',79,0,'2021-01-08 19:00:00','2012-03-21 02:52:26'),(92,22,84,'Et est quam blanditiis et consequatur eos. Cumque non nisi quos accusantium atque laborum id rerum. Quas voluptatum doloremque aperiam sint et.',83,1,'2021-03-07 19:00:00','2020-05-05 10:45:42'),(93,28,49,'Hic eos incidunt aut nemo esse sit. Accusamus nulla et veritatis ratione in dignissimos excepturi. Architecto veniam ipsum consequuntur autem eaque. Consequatur fuga molestias laborum animi sunt.',79,0,'2021-01-08 19:00:00','2018-01-07 00:00:59'),(94,73,91,'At aspernatur natus quis et. Ad aliquid unde aut veritatis dolores recusandae esse. Occaecati officia qui corrupti non quis quas vel. Qui deserunt molestiae quo laudantium.',47,1,'2021-02-12 19:00:00','2015-02-07 15:38:28'),(95,83,9,'Assumenda accusamus ab unde id nulla dolorem nesciunt. Adipisci deleniti accusamus aut possimus dolorum impedit voluptas. Soluta nesciunt vitae placeat. Iusto ipsa fugit quidem.',98,1,'2021-03-29 19:00:00','2011-12-05 16:02:36'),(96,95,70,'Sequi minima cumque esse voluptatibus ea sit est. Similique sapiente eos harum nostrum magni dolor fugiat. Rerum repellat deleniti et qui at.',46,0,'2021-01-14 19:00:00','2012-10-23 23:29:35'),(97,26,22,'Quia dolorem at recusandae sequi. Voluptatum vel velit et quibusdam dolor. Debitis saepe ut aperiam dolore reprehenderit ducimus.',35,0,'2021-01-04 19:00:00','2016-11-30 07:09:06'),(98,44,100,'Explicabo iure ipsa veniam rem totam nulla. Sunt magnam non aspernatur. Saepe deserunt error quis officia reiciendis.',38,1,'2021-03-21 19:00:00','2011-04-30 03:06:43'),(99,41,35,'Est facilis ut reprehenderit nesciunt velit. Magni et aut aut aliquam ad enim numquam. Tempore autem voluptas voluptatem. Et rerum quo minus tenetur distinctio ex ea veritatis.',83,1,'2021-03-29 19:00:00','2018-10-09 14:42:36'),(100,72,74,'Voluptatem deleniti quae ad ea et veritatis fugiat. Tempora quis laborum excepturi sed optio sed saepe est. Repudiandae sed voluptatem voluptas sint dolorem et.',2,0,'2021-04-09 19:00:00','2020-01-15 00:16:14');
/*!40000 ALTER TABLE `messages` ENABLE KEYS */;
UNLOCK TABLES;

--
-- Table structure for table `posts`
--

DROP TABLE IF EXISTS `posts`;
/*!40101 SET @saved_cs_client     = @@character_set_client */;
/*!50503 SET character_set_client = utf8mb4 */;
CREATE TABLE `posts` (
  `id` int unsigned NOT NULL AUTO_INCREMENT,
  `user_id` int unsigned NOT NULL,
  `community_id` int unsigned DEFAULT NULL,
  `head` varchar(255) CHARACTER SET utf8mb4 COLLATE utf8mb4_unicode_ci DEFAULT NULL,
  `body` text CHARACTER SET utf8mb4 COLLATE utf8mb4_unicode_ci NOT NULL,
  `media_id` int unsigned DEFAULT NULL,
  `is_public` tinyint(1) DEFAULT '1',
  `is_deleted` tinyint(1) DEFAULT '0',
  `created_at` datetime DEFAULT CURRENT_TIMESTAMP,
  `updated_at` datetime DEFAULT CURRENT_TIMESTAMP ON UPDATE CURRENT_TIMESTAMP,
  PRIMARY KEY (`id`),
  KEY `posts_community_id_fk` (`community_id`),
  KEY `posts_media_id_fk` (`media_id`),
  KEY `posts_user_id_fk` (`user_id`),
  CONSTRAINT `posts_media_id_fk` FOREIGN KEY (`media_id`) REFERENCES `media` (`id`) ON DELETE SET NULL,
  CONSTRAINT `posts_user_id_fk` FOREIGN KEY (`user_id`) REFERENCES `users` (`id`) ON DELETE CASCADE
) ENGINE=InnoDB AUTO_INCREMENT=101 DEFAULT CHARSET=utf8mb4 COLLATE=utf8mb4_unicode_ci;
/*!40101 SET character_set_client = @saved_cs_client */;

--
-- Dumping data for table `posts`
--

LOCK TABLES `posts` WRITE;
/*!40000 ALTER TABLE `posts` DISABLE KEYS */;
INSERT INTO `posts` VALUES (1,91,78,'explicabo','There was nothing on it but tea. \'I don\'t even know what it was: she was looking for the rest of my life.\' \'You are old,\' said the King, \'unless it was neither more nor less than no time she\'d have.',32,0,1,'2019-05-13 13:50:07','2021-05-12 19:45:20'),(2,21,1,'cum','The first question of course was, how to begin.\' He looked at it, busily painting them red. Alice thought decidedly uncivil. \'But perhaps he can\'t help it,\' said the Dodo could not be denied, so she.',31,0,0,'2014-04-05 02:00:48','2021-05-12 19:46:14'),(3,30,5,'qui','I WAS when I breathe\"!\' \'It IS a Caucus-race?\' said Alice; \'it\'s laid for a minute or two she stood watching them, and just as if she was not a VERY turn-up nose, much more like a Jack-in-the-box,.',59,1,1,'2012-04-21 17:38:01','2021-05-12 19:46:14'),(4,89,3,'dolorem','Alice)--\'and perhaps you haven\'t found it so yet,\' said the March Hare: she thought it over here,\' said the King: \'however, it may kiss my hand if it thought that it led into a sort of circle, (\'the.',2,1,1,'2015-11-06 00:58:42','2021-05-12 19:45:20'),(5,53,89,'quo','Caterpillar. Alice folded her hands, wondering if anything would EVER happen in a hoarse growl, \'the world would go through,\' thought poor Alice, \'it would be a great many more than Alice could see.',31,0,1,'2020-10-20 01:58:26','2021-05-12 19:45:20'),(6,98,6,'voluptas','Mock Turtle. \'Certainly not!\' said Alice very meekly: \'I\'m growing.\' \'You\'ve no right to grow here,\' said the Duchess; \'I never said I didn\'t!\' interrupted Alice. \'You must be,\' said the Mock Turtle.',50,1,0,'2019-03-18 15:24:42','2021-05-12 19:46:14'),(7,31,14,'veritatis','As she said to herself, as she could remember them, all these strange Adventures of hers would, in the chimney as she stood still where she was trying to find that her flamingo was gone across to.',57,0,0,'2013-07-04 22:45:40','2021-05-12 19:45:20'),(8,61,23,'omnis','She generally gave herself very good height indeed!\' said the King very decidedly, and there they lay on the trumpet, and then keep tight hold of anything, but she stopped hastily, for the fan she.',35,0,1,'2012-08-24 09:40:34','2021-05-12 19:46:14'),(9,10,63,'dolore','I only wish they WOULD go with the Queen had never heard of \"Uglification,\"\' Alice ventured to say. \'What is his sorrow?\' she asked the Mock Turtle went on planning to herself in a few minutes it.',4,1,1,'2018-10-24 15:34:05','2021-05-12 19:45:20'),(10,65,5,'voluptatem','There was certainly English. \'I don\'t see,\' said the Queen was to twist it up into the garden, where Alice could bear: she got back to yesterday, because I was thinking I should think you might.',15,1,1,'2019-12-01 07:33:43','2021-05-12 19:46:14'),(11,97,3,'porro','I\'ve seen that done,\' thought Alice. The poor little feet, I wonder who will put on his flappers, \'--Mystery, ancient and modern, with Seaography: then Drawling--the Drawling-master was an old crab,.',60,0,0,'2020-03-10 18:50:03','2021-05-12 19:46:14'),(12,88,63,'dolore','There were doors all round her head. Still she went on again: \'Twenty-four hours, I THINK; or is it I can\'t remember,\' said the Gryphon: and Alice thought to herself that perhaps it was too much.',57,1,0,'2018-05-06 14:13:20','2021-05-12 19:45:20'),(13,48,5,'tempore','Some of the window, I only wish people knew that: then they both cried. \'Wake up, Alice dear!\' said her sister; \'Why, what are YOUR shoes done with?\' said the Cat: \'we\'re all mad here. I\'m mad..',4,1,1,'2013-01-15 04:43:05','2021-05-12 19:46:14'),(14,78,15,'quis','Stole the Tarts? The King turned pale, and shut his note-book hastily. \'Consider your verdict,\' he said to the Knave \'Turn them over!\' The Knave did so, very carefully, nibbling first at one and.',49,1,1,'2016-10-18 06:16:29','2021-05-12 19:46:14'),(15,42,85,'dicta','Gryphon. \'We can do no more, whatever happens. What WILL become of it; then Alice put down her flamingo, and began smoking again. This time there could be no sort of lullaby to it as far down the.',30,1,0,'2014-05-23 12:56:08','2021-05-12 19:45:20'),(16,79,5,'voluptas','Oh my fur and whiskers! She\'ll get me executed, as sure as ferrets are ferrets! Where CAN I have none, Why, I wouldn\'t be in Bill\'s place for a rabbit! I suppose it doesn\'t matter which way you.',4,1,1,'2020-02-13 09:25:51','2021-05-12 19:46:14'),(17,65,5,'sint','Alice, who felt very lonely and low-spirited. In a minute or two she walked on in the after-time, be herself a grown woman; and how she would keep, through all her coaxing. Hardly knowing what she.',31,0,0,'2012-07-18 05:47:42','2021-05-12 19:46:14'),(18,90,29,'placeat','IT TO BE TRUE--\" that\'s the jury, who instantly made a dreadfully ugly child: but it did not sneeze, were the cook, and a large ring, with the Duchess, \'as pigs have to beat them off, and found in.',40,1,0,'2012-10-07 04:41:39','2021-05-12 19:46:14'),(19,53,75,'temporibus','Mock Turtle, who looked at the mouth with strings: into this they slipped the guinea-pig, head first, and then at the mushroom for a minute, while Alice thought to herself how this same little.',6,0,1,'2013-12-24 00:49:38','2021-05-12 19:45:20'),(20,97,3,'sit','His voice has a timid voice at her hands, and she jumped up on tiptoe, and peeped over the verses to himself: \'\"WE KNOW IT TO BE TRUE--\" that\'s the jury, in a long, low hall, which was full of smoke.',11,1,1,'2017-06-05 02:55:56','2021-05-12 19:46:14'),(21,25,22,'voluptas','And how odd the directions will look! ALICE\'S RIGHT FOOT, ESQ. HEARTHRUG, NEAR THE FENDER, (WITH ALICE\'S LOVE). Oh dear, what nonsense I\'m talking!\' Just then she had expected: before she got up,.',35,1,0,'2018-07-04 12:57:49','2021-05-12 19:45:20'),(22,33,81,'est','King, \'that only makes the matter on, What would become of you? I gave her answer. \'They\'re done with a table in the middle of one! There ought to tell you--all I know all sorts of things--I can\'t.',42,1,0,'2018-02-02 00:28:09','2021-05-12 19:45:20'),(23,90,29,'inventore','Majesty!\' the Duchess sang the second time round, she came up to the puppy; whereupon the puppy made another rush at Alice for some time without hearing anything more: at last the Caterpillar.',4,0,0,'2014-02-23 16:03:14','2021-05-12 19:46:14'),(24,49,51,'iusto','Alice hastily replied; \'only one doesn\'t like changing so often, of course was, how to get out again. That\'s all.\' \'Thank you,\' said the Gryphon. \'Well, I hardly know--No more, thank ye; I\'m better.',94,0,0,'2020-09-28 05:20:26','2021-05-12 19:45:20'),(25,77,17,'est','Bill,\' thought Alice,) \'Well, I hardly know--No more, thank ye; I\'m better now--but I\'m a deal too flustered to tell its age, there was no \'One, two, three, and away,\' but they all crowded round her.',58,0,0,'2015-02-04 18:52:56','2021-05-12 19:46:14'),(26,37,12,'dolorum','Little Bill It was so small as this is May it won\'t be raving mad after all! I almost wish I\'d gone to see the earth takes twenty-four hours to turn round on its axis--\' \'Talking of axes,\' said the.',8,1,0,'2016-06-22 12:23:15','2021-05-12 19:46:14'),(27,54,16,'eos','Bill,\' thought Alice,) \'Well, I hardly know--No more, thank ye; I\'m better now--but I\'m a deal too flustered to tell me the list of singers. \'You may not have lived much under the door; so either.',64,0,0,'2021-03-12 12:55:28','2021-05-12 19:46:14'),(28,57,3,'aut','You grant that?\' \'I suppose they are the jurors.\' She said it to half-past one as long as you go on? It\'s by far the most important piece of bread-and-butter in the shade: however, the moment she.',95,1,1,'2020-07-06 09:22:10','2021-05-12 19:46:14'),(29,22,15,'sed','ALL PERSONS MORE THAN A MILE HIGH TO LEAVE THE COURT.\' Everybody looked at her, and she sat still just as the whole thing, and she set to work shaking him and punching him in the same when I learn.',82,0,1,'2013-04-10 21:57:10','2021-05-12 19:46:14'),(30,40,22,'sequi','King. \'Nearly two miles high,\' added the Dormouse. \'Write that down,\' the King eagerly, and he went on growing, and, as the doubled-up soldiers were silent, and looked at Two. Two began in a loud,.',26,0,1,'2015-07-16 16:22:20','2021-05-12 19:46:14'),(31,32,86,'sed','Alice replied very politely, \'for I can\'t be Mabel, for I know I do!\' said Alice very politely; but she heard her voice sounded hoarse and strange, and the small ones choked and had come to the.',82,0,0,'2015-02-18 12:05:05','2021-05-12 19:45:20'),(32,42,24,'at','Presently she began thinking over other children she knew, who might do very well without--Maybe it\'s always pepper that had fallen into a sort of way to explain the paper. \'If there\'s no room at.',31,0,1,'2015-12-13 21:11:40','2021-05-12 19:45:20'),(33,12,28,'vel','March Hare,) \'--it was at the top of it. Presently the Rabbit say to itself, \'Oh dear! Oh dear! I\'d nearly forgotten to ask.\' \'It turned into a doze; but, on being pinched by the Hatter, with an M?\'.',10,1,0,'2020-03-29 16:48:21','2021-05-12 19:46:14'),(34,34,7,'impedit','She did it at all; and I\'m sure I have dropped them, I wonder?\' Alice guessed who it was, even before she came upon a little sharp bark just over her head made her look up in such confusion that she.',55,1,1,'2014-12-24 22:19:49','2021-05-12 19:46:14'),(35,33,91,'et','William\'s conduct at first she would feel with all their simple joys, remembering her own children. \'How should I know?\' said Alice, very earnestly. \'I\'ve had nothing yet,\' Alice replied eagerly,.',44,0,1,'2019-12-13 14:58:26','2021-05-12 19:45:20'),(36,61,23,'nemo','Five! Don\'t go splashing paint over me like a snout than a real Turtle.\' These words were followed by a row of lodging houses, and behind them a railway station.) However, she soon made out the.',56,0,1,'2012-10-12 19:36:20','2021-05-12 19:46:14'),(37,7,64,'praesentium','Duchess: \'what a clear way you have of putting things!\' \'It\'s a mineral, I THINK,\' said Alice. \'I\'m glad I\'ve seen that done,\' thought Alice. \'I don\'t think--\' \'Then you shouldn\'t talk,\' said the.',49,0,1,'2019-03-02 10:50:40','2021-05-12 19:45:20'),(38,49,78,'vel','ME\' were beautifully marked in currants. \'Well, I\'ll eat it,\' said Alice, looking down with one eye, How the Owl and the White Rabbit, \'but it doesn\'t matter which way I want to see you any more!\'.',75,0,0,'2016-02-18 20:49:18','2021-05-12 19:45:20'),(39,27,22,'eos','Dormouse, not choosing to notice this last remark that had fluttered down from the shock of being such a dear little puppy it was!\' said Alice, a little girl,\' said Alice, as she couldn\'t answer.',29,0,0,'2014-01-21 04:22:04','2021-05-12 19:46:14'),(40,85,2,'aut','All the time he was in the face. \'I\'ll put a white one in by mistake; and if the Queen shouted at the righthand bit again, and looking at the place of the pack, she could get to the end: then stop.\'.',20,0,1,'2016-09-02 08:14:40','2021-05-12 19:46:14'),(41,46,1,'et','Five, in a tone of delight, which changed into alarm in another minute the whole thing very absurd, but they were getting extremely small for a good character, But said I could let you out, you.',11,0,1,'2012-01-26 10:26:09','2021-05-12 19:46:14'),(42,74,8,'ut','Now, if you drink much from a bottle marked \'poison,\' so Alice soon came upon a heap of sticks and dry leaves, and the little door, so she set to work shaking him and punching him in the other. In.',95,0,0,'2016-05-07 00:09:07','2021-05-12 19:46:14'),(43,29,93,'dolorem','WHAT?\' thought Alice; \'I might as well say this), \'to go on crying in this way! Stop this moment, and fetch me a good deal: this fireplace is narrow, to be sure, this generally happens when you come.',41,1,1,'2017-03-27 21:44:51','2021-05-12 19:45:20'),(44,24,2,'vero','Dormouse sulkily remarked, \'If you didn\'t sign it,\' said the Caterpillar. \'Well, perhaps you were down here till I\'m somebody else\"--but, oh dear!\' cried Alice, quite forgetting that she did not.',20,0,0,'2017-06-25 12:01:20','2021-05-12 19:46:14'),(45,32,46,'necessitatibus','Duchess; \'and most of \'em do.\' \'I don\'t think they play at all a pity. I said \"What for?\"\' \'She boxed the Queen\'s absence, and were resting in the pool rippling to the Mock Turtle. \'Very much.',77,0,0,'2019-12-20 10:44:43','2021-05-12 19:45:20'),(46,89,14,'numquam','King hastily said, and went in. The door led right into it. \'That\'s very curious.\' \'It\'s all his fancy, that: they never executes nobody, you know. So you see, Alice had learnt several things of.',23,1,1,'2011-11-03 10:38:36','2021-05-12 19:45:20'),(47,46,1,'est','There was nothing else to say to itself, \'Oh dear! Oh dear! I\'d nearly forgotten to ask.\' \'It turned into a line along the course, here and there she saw them, they set to work, and very soon.',85,1,1,'2014-07-29 10:11:32','2021-05-12 19:46:14'),(48,64,23,'modi','Rabbit coming to look down and began talking again. \'Dinah\'ll miss me very much pleased at having found out that the poor child, \'for I can\'t understand it myself to begin again, it was not a moment.',54,1,1,'2014-01-31 14:27:45','2021-05-12 19:46:14'),(49,79,5,'illo','Alice said very politely, \'if I had it written up somewhere.\' Down, down, down. Would the fall was over. Alice was not otherwise than what you like,\' said the Caterpillar. \'Not QUITE right, I\'m.',16,1,1,'2018-05-07 20:24:48','2021-05-12 19:46:14'),(50,5,30,'odit','I haven\'t had a consultation about this, and Alice looked down at them, and all of them say, \'Look out now, Five! Don\'t go splashing paint over me like that!\' said Alice to herself, \'because of his.',16,0,0,'2012-05-03 10:30:35','2021-05-12 19:46:14'),(51,86,68,'itaque','Bill!\' then the different branches of Arithmetic--Ambition, Distraction, Uglification, and Derision.\' \'I never said I could not remember ever having heard of such a tiny little thing!\' It did so.',33,0,1,'2018-10-02 22:03:13','2021-05-12 19:45:20'),(52,17,63,'aut','I don\'t believe there\'s an atom of meaning in them, after all. \"--SAID I COULD NOT SWIM--\" you can\'t be civil, you\'d better leave off,\' said the Queen was close behind it when she had known them all.',15,0,0,'2016-06-14 20:47:02','2021-05-12 19:45:20'),(53,26,24,'accusamus','Alice began, in a shrill, passionate voice. \'Would YOU like cats if you drink much from a bottle marked \'poison,\' it is all the same, the next witness. It quite makes my forehead ache!\' Alice.',75,0,1,'2014-08-12 12:27:15','2021-05-12 19:46:14'),(54,78,15,'tempora','This seemed to have lessons to learn! No, I\'ve made up my mind about it; and the three gardeners, but she did not like to hear his history. I must be collected at once and put it into his plate..',30,0,0,'2013-11-09 12:30:06','2021-05-12 19:46:14'),(55,10,92,'dignissimos','I\'ll take no denial; We must have imitated somebody else\'s hand,\' said the Gryphon. \'Of course,\' the Gryphon replied very readily: \'but that\'s because it stays the same words as before, \'and things.',25,1,1,'2020-06-10 07:38:14','2021-05-12 19:45:20'),(56,17,66,'error','Alice said; \'there\'s a large mushroom growing near her, about the same thing as \"I sleep when I was thinking I should frighten them out of it, and then they wouldn\'t be so stingy about it, even if I.',36,0,0,'2015-07-30 00:22:01','2021-05-12 19:45:20'),(57,54,16,'eos','I\'ve fallen by this very sudden change, but very glad she had not long to doubt, for the garden!\' and she swam nearer to watch them, and just as I tell you, you coward!\' and at last turned sulky,.',5,1,0,'2013-01-30 00:09:01','2021-05-12 19:46:14'),(58,19,22,'harum','I\'ve tried banks, and I\'ve tried banks, and I\'ve tried to open her mouth; but she had nothing yet,\' Alice replied in a shrill, passionate voice. \'Would YOU like cats if you drink much from a.',15,1,1,'2012-11-28 05:47:27','2021-05-12 19:46:14'),(59,34,7,'nihil','Who would not give all else for two reasons. First, because I\'m on the stairs. Alice knew it was just possible it had fallen into the sky all the rats and--oh dear!\' cried Alice, with a teacup in.',61,0,1,'2011-08-31 13:04:49','2021-05-12 19:46:14'),(60,13,23,'eos','Gryphon. \'--you advance twice--\' \'Each with a pair of white kid gloves while she remembered how small she was holding, and she set off at once to eat her up in a large cauldron which seemed to be.',60,0,1,'2017-11-28 02:04:19','2021-05-12 19:46:14'),(61,60,18,'vel','Hatter. \'I told you butter wouldn\'t suit the works!\' he added in a tone of great relief. \'Now at OURS they had been all the way of expressing yourself.\' The baby grunted again, and we put a stop to.',17,0,0,'2012-04-24 00:11:03','2021-05-12 19:46:14'),(62,62,53,'qui','King said to herself how she would get up and picking the daisies, when suddenly a White Rabbit was no one else seemed inclined to say which), and they all looked so grave and anxious.) Alice could.',4,0,0,'2018-10-25 11:33:23','2021-05-12 19:45:20'),(63,29,4,'autem','Queen in front of them, and was immediately suppressed by the Queen of Hearts were seated on their backs was the Rabbit say, \'A barrowful of WHAT?\' thought Alice \'without pictures or conversations.',67,0,1,'2020-11-07 04:14:42','2021-05-12 19:45:20'),(64,58,28,'recusandae','Alice. \'I don\'t like it, yer honour, at all, at all!\' \'Do as I do,\' said the young lady to see if she had brought herself down to the baby, it was sneezing on the slate. \'Herald, read the.',24,1,1,'2012-10-04 05:00:27','2021-05-12 19:46:14'),(65,3,15,'aspernatur','I will prosecute YOU.--Come, I\'ll take no denial; We must have been changed for any lesson-books!\' And so it was only the pepper that makes them bitter--and--and barley-sugar and such things that.',16,0,0,'2016-09-25 13:26:02','2021-05-12 19:46:14'),(66,39,28,'omnis','I\'ll be jury,\" Said cunning old Fury: \"I\'ll try the effect: the next witness would be like, \'--for they haven\'t got much evidence YET,\' she said to herself, \'in my going out altogether, like a frog;.',11,0,1,'2016-05-01 06:20:35','2021-05-12 19:46:14'),(67,86,15,'quidem','March Hare had just upset the milk-jug into his plate. Alice did not much like keeping so close to the Gryphon. \'I mean, what makes them bitter--and--and barley-sugar and such things that make.',4,0,0,'2011-06-24 08:18:38','2021-05-12 19:45:20'),(68,14,70,'sit','Dinah, tell me your history, you know,\' said Alice, \'but I know THAT well enough; don\'t be nervous, or I\'ll have you executed on the slate. \'Herald, read the accusation!\' said the Caterpillar, and.',88,1,1,'2019-06-24 01:57:11','2021-05-12 19:45:20'),(69,11,6,'sunt','I\'ll manage better this time,\' she said, \'for her hair goes in such long ringlets, and mine doesn\'t go in ringlets at all; and I\'m sure I can\'t show it you myself,\' the Mock Turtle. \'She can\'t.',28,1,0,'2013-02-21 09:41:27','2021-05-12 19:46:14'),(70,11,6,'perferendis','Mouse, turning to the Mock Turtle said: \'I\'m too stiff. And the muscular strength, which it gave to my right size for going through the air! Do you think you\'re changed, do you?\' \'I\'m afraid I\'ve.',73,1,0,'2018-08-05 15:53:06','2021-05-12 19:46:14'),(71,24,2,'sed','March Hare went \'Sh! sh!\' and the March Hare,) \'--it was at the moment, \'My dear! I wish you wouldn\'t mind,\' said Alice: \'three inches is such a simple question,\' added the Gryphon; and then said,.',81,1,0,'2018-02-12 07:12:05','2021-05-12 19:46:14'),(72,84,7,'aut','The pepper when he pleases!\' CHORUS. \'Wow! wow! wow!\' While the Panther received knife and fork with a teacup in one hand and a crash of broken glass. \'What a curious dream!\' said Alice, \'how am I.',87,1,1,'2015-02-25 01:59:49','2021-05-12 19:46:14'),(73,50,3,'ad','Alice; \'that\'s not at all like the tone of great relief. \'Call the next verse,\' the Gryphon added \'Come, let\'s hear some of YOUR business, Two!\' said Seven. \'Yes, it IS his business!\' said Five, in.',93,0,0,'2016-09-03 05:10:22','2021-05-12 19:46:14'),(74,96,15,'adipisci','Bill! catch hold of it; then Alice dodged behind a great crash, as if she meant to take out of it, and then turned to the porpoise, \"Keep back, please: we don\'t want to stay with it as well as she.',1,0,1,'2018-05-08 06:44:36','2021-05-12 19:46:14'),(75,30,5,'quo','Alice, with a cart-horse, and expecting every moment to be otherwise.\"\' \'I think you could keep it to half-past one as long as I was a good deal frightened at the place of the Lobster Quadrille,.',24,1,0,'2015-07-11 22:49:34','2021-05-12 19:46:14'),(76,61,23,'id','So she began: \'O Mouse, do you know I\'m mad?\' said Alice. \'It goes on, you know,\' the Hatter with a sigh. \'I only took the watch and looked anxiously round, to make SOME change in my own tears! That.',19,0,1,'2013-09-21 10:14:18','2021-05-12 19:46:14'),(77,17,50,'et','An enormous puppy was looking about for it, you know--\' \'What did they live at the Cat\'s head began fading away the time. Alice had been anxiously looking across the garden, called out \'The race is.',20,0,0,'2020-05-11 20:15:02','2021-05-12 19:45:20'),(78,99,5,'nihil','I am so VERY much out of a sea of green leaves that lay far below her. \'What CAN all that green stuff be?\' said Alice. \'Then it doesn\'t mind.\' The table was a table set out under a tree a few.',45,0,0,'2019-01-21 18:13:14','2021-05-12 19:46:14'),(79,44,16,'ipsum','THE KING AND QUEEN OF HEARTS. Alice was not a VERY turn-up nose, much more like a writing-desk?\' \'Come, we shall get on better.\' \'I\'d rather not,\' the Cat went on, \'that they\'d let Dinah stop in the.',65,0,0,'2013-02-06 09:01:16','2021-05-12 19:46:14'),(80,21,1,'consequuntur','Dormouse go on for some time without interrupting it. \'They were obliged to write this down on one of the jurymen. \'It isn\'t directed at all,\' said Alice: \'three inches is such a wretched height to.',89,1,1,'2019-03-06 11:57:06','2021-05-12 19:46:14'),(81,72,3,'et','She said the Hatter. \'Does YOUR watch tell you just now what the next moment a shower of saucepans, plates, and dishes. The Duchess took no notice of them attempted to explain the mistake it had no.',50,0,0,'2018-04-29 20:42:56','2021-05-12 19:46:14'),(82,97,3,'quam','Number One,\' said Alice. \'Then it ought to be otherwise than what you mean,\' the March Hare. \'Then it wasn\'t trouble enough hatching the eggs,\' said the March Hare. \'Exactly so,\' said the Pigeon the.',82,1,0,'2019-03-08 11:47:53','2021-05-12 19:46:14'),(83,69,32,'earum','And took them quite away!\' \'Consider your verdict,\' the King exclaimed, turning to Alice to herself. At this moment Five, who had been (Before she had drunk half the bottle, saying to herself, for.',60,0,1,'2016-03-26 08:12:39','2021-05-12 19:45:20'),(84,53,23,'nisi','Hatter, \'or you\'ll be telling me next that you weren\'t to talk about cats or dogs either, if you were INSIDE, you might knock, and I shall have to whisper a hint to Time, and round Alice, every now.',54,1,1,'2019-02-22 15:22:39','2021-05-12 19:45:20'),(85,60,18,'autem','Rome, and Rome--no, THAT\'S all wrong, I\'m certain! I must be getting home; the night-air doesn\'t suit my throat!\' and a scroll of parchment in the pool, \'and she sits purring so nicely by the.',91,1,0,'2017-03-02 03:05:51','2021-05-12 19:46:14'),(86,37,12,'rerum','White Rabbit. She was looking for eggs, I know who I WAS when I grow up, I\'ll write one--but I\'m grown up now,\' she said, \'for her hair goes in such confusion that she was a dead silence instantly,.',91,1,0,'2015-11-29 04:26:36','2021-05-12 19:46:14'),(87,6,5,'laboriosam','I vote the young Crab, a little house in it a violent shake at the frontispiece if you could manage it?) \'And what an ignorant little girl or a serpent?\' \'It matters a good deal on where you want to.',80,0,1,'2021-05-01 14:53:35','2021-05-12 19:46:14'),(88,18,4,'maxime','I know!\' exclaimed Alice, who had followed him into the garden, and marked, with one finger; and the shrill voice of thunder, and people began running when they arrived, with a growl, And concluded.',27,0,0,'2013-05-22 14:43:57','2021-05-12 19:46:14'),(89,73,6,'explicabo','Alice, \'it would be the right size for going through the doorway; \'and even if my head would go round a deal too far off to the tarts on the bank, with her head!\' Those whom she sentenced were taken.',96,1,0,'2020-11-29 19:41:38','2021-05-12 19:45:20'),(90,12,28,'reiciendis','Gryphon, lying fast asleep in the back. At last the Gryphon went on. \'We had the best way to hear his history. I must have been changed in the kitchen. \'When I\'M a Duchess,\' she said to the baby, it.',97,1,1,'2018-09-07 02:37:30','2021-05-12 19:46:14'),(91,37,12,'nihil','French lesson-book. The Mouse did not seem to dry me at all.\' \'In that case,\' said the Mock Turtle. \'Certainly not!\' said Alice doubtfully: \'it means--to--make--anything--prettier.\' \'Well, then,\'.',97,0,1,'2020-03-03 09:43:13','2021-05-12 19:46:14'),(92,49,85,'earum','As they walked off together. Alice laughed so much contradicted in her haste, she had read about them in books, and she set off at once, while all the things get used to come out among the party..',94,1,0,'2016-12-26 16:16:26','2021-05-12 19:45:20'),(93,36,8,'iusto','HAD THIS FIT--\" you never had to leave it behind?\' She said this last remark. \'Of course it was,\' the March Hare said in a tone of the door of the court and got behind Alice as it left no mark on.',76,1,1,'2016-02-03 01:51:23','2021-05-12 19:46:14'),(94,31,68,'sed','Hatter. He had been broken to pieces. \'Please, then,\' said the Knave, \'I didn\'t write it, and yet it was a body to cut it off from: that he had a little bit of the leaves: \'I should have croqueted.',99,0,0,'2016-07-11 03:50:39','2021-05-12 19:45:20'),(95,48,5,'magni','Queen: so she went on muttering over the list, feeling very curious to see it trying in a long, low hall, which was sitting next to her. \'I can see you\'re trying to fix on one, the cook was leaning.',68,1,0,'2019-01-10 23:29:19','2021-05-12 19:46:14'),(96,46,1,'quis','WAS a curious appearance in the pool, and the shrill voice of the ground--and I should be raving mad--at least not so mad as it was perfectly round, she came in with a whiting. Now you know.\' \'Who.',41,0,1,'2016-07-28 20:56:00','2021-05-12 19:46:14'),(97,85,2,'enim','Alice. \'That\'s the first day,\' said the Hatter; \'so I can\'t see you?\' She was a very humble tone, going down on one knee as he spoke. \'A cat may look at me like that!\' He got behind Alice as he.',100,1,0,'2014-05-06 20:02:29','2021-05-12 19:46:14'),(98,86,41,'accusantium','SOMETHING interesting is sure to happen,\' she said aloud. \'I must be what he did with the Gryphon. \'Turn a somersault in the distance, sitting sad and lonely on a little sharp bark just over her.',78,0,0,'2013-10-05 15:09:53','2021-05-12 19:45:20'),(99,77,17,'non','Duchess was VERY ugly; and secondly, because they\'re making such a capital one for catching mice--oh, I beg your pardon,\' said Alice to herself, and shouted out, \'You\'d better not do that again!\'.',89,0,0,'2020-01-21 23:06:00','2021-05-12 19:46:14'),(100,23,8,'blanditiis','Alice had not a moment that it was an old woman--but then--always to have the experiment tried. \'Very true,\' said the King, \'unless it was impossible to say it over) \'--yes, that\'s about the right.',10,1,0,'2011-07-09 09:48:46','2021-05-12 19:46:14');
/*!40000 ALTER TABLE `posts` ENABLE KEYS */;
UNLOCK TABLES;

--
-- Table structure for table `profiles`
--

DROP TABLE IF EXISTS `profiles`;
/*!40101 SET @saved_cs_client     = @@character_set_client */;
/*!50503 SET character_set_client = utf8mb4 */;
CREATE TABLE `profiles` (
  `user_id` int unsigned NOT NULL COMMENT 'Ссылка на пользователя',
  `gender` char(1) CHARACTER SET utf8mb4 COLLATE utf8mb4_unicode_ci NOT NULL COMMENT 'Пол',
  `birthday` date DEFAULT NULL COMMENT 'Дата рождения',
  `city_id` int unsigned DEFAULT NULL COMMENT 'Ссылка на город проживания',
  `created_at` datetime DEFAULT CURRENT_TIMESTAMP COMMENT 'Время создания строки',
  `updated_at` datetime DEFAULT CURRENT_TIMESTAMP ON UPDATE CURRENT_TIMESTAMP COMMENT 'Время обновления строки',
  PRIMARY KEY (`user_id`),
  KEY `profiles_city_id_fk` (`city_id`),
  CONSTRAINT `profiles_city_id_fk` FOREIGN KEY (`city_id`) REFERENCES `cities` (`id`) ON DELETE SET NULL,
  CONSTRAINT `profiles_user_id_fk` FOREIGN KEY (`user_id`) REFERENCES `users` (`id`) ON DELETE CASCADE
) ENGINE=InnoDB DEFAULT CHARSET=utf8mb4 COLLATE=utf8mb4_unicode_ci COMMENT='Профили';
/*!40101 SET character_set_client = @saved_cs_client */;

--
-- Dumping data for table `profiles`
--

LOCK TABLES `profiles` WRITE;
/*!40000 ALTER TABLE `profiles` DISABLE KEYS */;
INSERT INTO `profiles` VALUES (1,'F','2011-04-11',21,'2019-07-08 20:23:33','2021-05-06 17:59:58'),(2,'F','2007-07-26',70,'2015-06-26 20:44:56','2021-05-06 17:59:58'),(3,'M','1998-03-28',88,'2011-07-10 13:34:07','2021-05-06 17:59:58'),(4,'M','1990-07-12',28,'2016-12-11 18:45:04','2021-05-06 17:59:58'),(5,'M','1995-12-18',74,'2017-10-22 19:24:20','2021-05-06 17:59:58'),(6,'F','1993-11-02',88,'2017-07-26 14:19:48','2021-05-06 17:59:58'),(7,'F','2000-08-06',19,'2013-06-09 13:55:47','2021-05-06 17:59:58'),(8,'M','2007-01-30',29,'2017-04-14 07:51:01','2021-05-06 17:59:58'),(9,'M','1971-09-08',85,'2014-04-06 17:17:48','2021-05-06 17:59:58'),(10,'F','1999-06-29',41,'2018-08-05 04:59:26','2021-05-06 17:59:58'),(11,'F','1984-09-20',49,'2011-05-23 09:59:52','2021-05-06 17:59:58'),(12,'F','1972-04-17',21,'2019-05-02 20:17:43','2021-05-06 17:59:58'),(13,'F','2017-06-15',57,'2014-06-21 23:25:37','2021-05-06 17:59:58'),(14,'F','2019-11-19',22,'2013-03-10 18:03:48','2021-05-06 17:59:58'),(15,'M','2000-08-21',36,'2019-04-23 21:08:45','2021-05-06 17:59:58'),(16,'F','2013-09-10',17,'2013-04-25 22:18:07','2021-05-06 17:59:58'),(17,'F','1986-01-23',75,'2016-08-23 00:50:59','2021-05-06 17:59:58'),(18,'M','2019-06-03',24,'2016-05-12 05:48:50','2021-05-06 17:59:58'),(19,'F','1995-11-15',92,'2015-01-09 14:15:25','2021-05-06 17:59:58'),(20,'M','2009-11-07',90,'2020-03-25 14:33:47','2021-05-06 17:59:58'),(21,'M','1996-04-09',75,'2020-07-20 22:41:36','2021-05-06 17:59:58'),(22,'M','2004-01-12',2,'2019-12-05 04:54:54','2021-05-06 17:59:58'),(23,'F','2000-11-02',86,'2019-03-17 04:28:29','2021-05-06 17:59:58'),(24,'F','1991-10-29',24,'2020-02-01 02:40:44','2021-05-06 17:47:03'),(25,'F','1978-11-03',61,'2018-02-22 12:02:12','2021-05-06 17:59:58'),(26,'F','2019-08-30',33,'2016-02-16 05:58:44','2021-05-06 17:59:58'),(27,'F','1978-01-13',80,'2016-06-11 17:50:48','2021-05-06 17:59:58'),(28,'M','1982-06-23',3,'2012-05-21 05:09:11','2021-05-06 17:59:58'),(29,'F','1976-05-31',75,'2018-02-20 22:59:16','2021-05-06 17:59:58'),(30,'F','2006-08-30',63,'2018-03-22 14:00:31','2021-05-06 17:59:58'),(31,'M','1981-02-22',90,'2018-11-04 21:26:06','2021-05-06 17:59:58'),(32,'F','2019-05-09',62,'2020-04-29 15:18:51','2021-05-06 17:59:58'),(33,'M','1984-01-26',37,'2014-02-07 15:58:46','2021-05-06 17:59:58'),(34,'F','1990-10-18',98,'2021-03-03 19:28:17','2021-05-06 17:59:58'),(35,'M','2002-03-03',80,'2013-07-24 21:32:35','2021-05-06 17:59:58'),(36,'F','2003-09-09',7,'2018-09-13 04:06:19','2021-05-06 17:59:58'),(37,'F','1975-01-25',93,'2021-03-14 16:23:31','2021-05-06 17:59:58'),(38,'F','1995-09-16',44,'2015-09-05 15:58:55','2021-05-06 17:59:58'),(39,'F','2009-07-24',40,'2017-03-10 20:28:26','2021-05-06 17:59:58'),(40,'F','1994-10-21',67,'2015-01-08 22:35:40','2021-05-06 17:59:58'),(41,'F','1985-05-19',16,'2020-07-14 03:02:45','2021-05-06 17:59:58'),(42,'F','1989-09-09',76,'2012-11-02 08:55:22','2021-05-06 17:59:58'),(43,'F','1978-01-16',33,'2020-09-16 10:19:51','2021-05-06 17:59:58'),(44,'F','1989-02-02',36,'2020-04-07 11:00:45','2021-05-06 17:59:58'),(45,'F','1972-07-26',80,'2020-06-20 01:42:26','2021-05-06 17:59:58'),(46,'F','2008-08-25',92,'2017-03-30 05:48:05','2021-05-06 17:59:58'),(47,'M','1983-01-05',18,'2014-03-01 09:14:45','2021-05-06 17:59:58'),(48,'M','1993-11-17',14,'2016-09-15 23:55:34','2021-05-06 17:59:58'),(49,'M','1978-09-18',17,'2013-03-06 11:04:33','2021-05-06 17:59:58'),(50,'M','1995-06-02',43,'2013-12-26 00:42:59','2021-05-06 17:59:58'),(51,'M','2005-09-11',63,'2012-11-06 14:25:55','2021-05-06 17:59:58'),(52,'M','1990-01-16',86,'2018-11-20 08:00:18','2021-05-06 17:59:58'),(53,'M','1977-07-17',41,'2012-07-25 03:49:23','2021-05-06 17:59:58'),(54,'F','1995-11-22',45,'2017-10-13 21:53:20','2021-05-06 17:59:58'),(55,'M','2002-04-25',3,'2013-06-08 11:37:20','2021-05-06 17:59:58'),(56,'M','1977-02-27',80,'2011-08-29 22:01:59','2021-05-06 17:59:58'),(57,'F','1974-08-03',89,'2016-12-08 20:20:15','2021-05-06 17:59:58'),(58,'F','1989-08-12',4,'2016-07-09 07:05:56','2021-05-06 17:59:58'),(59,'F','1976-07-26',52,'2017-02-19 16:24:53','2021-05-06 17:59:58'),(60,'F','1979-01-08',48,'2016-04-27 14:35:42','2021-05-06 17:59:58'),(61,'F','1987-10-02',85,'2016-02-28 20:28:57','2021-05-06 17:59:58'),(62,'F','2010-02-06',78,'2014-04-23 18:29:47','2021-05-06 17:59:58'),(63,'F','2003-10-24',36,'2015-06-25 01:21:11','2021-05-06 17:59:58'),(64,'M','2019-03-19',45,'2015-07-30 08:03:20','2021-05-06 17:59:58'),(65,'F','2000-06-21',18,'2013-12-10 23:29:39','2021-05-06 17:59:58'),(66,'M','1998-10-30',52,'2012-10-25 00:15:03','2021-05-06 17:59:58'),(67,'M','1995-03-25',7,'2012-11-16 01:05:17','2021-05-06 17:59:58'),(68,'F','1989-09-07',79,'2011-07-10 13:04:38','2021-05-06 17:59:58'),(69,'F','1988-12-03',74,'2018-10-28 04:13:56','2021-05-06 17:59:58'),(70,'F','1996-10-17',32,'2018-12-08 07:52:36','2021-05-06 17:59:58'),(71,'F','1991-12-14',38,'2016-07-18 14:27:42','2021-05-06 17:59:58'),(72,'M','1995-08-07',93,'2015-01-11 07:56:04','2021-05-06 17:59:58'),(73,'M','1985-11-28',49,'2019-01-03 11:40:24','2021-05-06 17:59:58'),(74,'F','1993-05-18',65,'2013-02-03 22:57:35','2021-05-06 17:59:58'),(75,'F','1972-05-19',80,'2017-02-20 07:55:30','2021-05-06 17:59:58'),(76,'M','1975-09-23',2,'2015-05-17 14:17:43','2021-05-06 17:59:58'),(77,'M','2011-08-05',71,'2020-05-10 07:29:33','2021-05-06 17:59:58'),(78,'M','1975-10-08',47,'2016-07-14 14:27:34','2021-05-06 17:59:58'),(79,'F','2015-02-01',22,'2018-12-03 05:57:31','2021-05-06 17:59:58'),(80,'F','1974-02-18',70,'2014-01-17 18:55:02','2021-05-06 17:59:58'),(81,'M','1973-07-05',81,'2018-03-12 11:33:41','2021-05-06 17:47:03'),(82,'M','1980-05-19',97,'2020-08-05 03:47:36','2021-05-06 17:59:58'),(83,'F','1985-11-02',39,'2013-05-15 04:10:11','2021-05-06 17:59:58'),(84,'F','1979-04-26',3,'2020-11-11 20:30:51','2021-05-06 17:59:58'),(85,'M','2016-08-20',99,'2019-02-07 06:16:31','2021-05-06 17:59:58'),(86,'M','1998-04-23',84,'2017-07-31 21:55:21','2021-05-06 17:59:58'),(87,'F','1977-07-15',25,'2018-02-19 19:12:51','2021-05-06 17:59:58'),(88,'F','1985-01-01',72,'2019-03-26 01:47:41','2021-05-06 17:59:58'),(89,'M','1997-09-12',82,'2018-06-23 13:24:53','2021-05-06 17:59:58'),(90,'M','2000-02-25',95,'2011-05-31 22:33:39','2021-05-06 17:59:58'),(91,'F','1981-03-09',27,'2015-07-24 17:34:14','2021-05-06 17:59:58'),(92,'F','1992-11-18',50,'2018-01-01 19:35:02','2021-05-06 17:59:58'),(93,'M','2001-03-16',69,'2016-10-02 07:45:14','2021-05-06 17:59:58'),(94,'M','1990-02-28',96,'2015-09-06 07:37:37','2021-05-06 17:59:58'),(95,'M','2009-10-17',73,'2014-12-13 20:08:48','2021-05-06 17:59:58'),(96,'F','1977-06-29',75,'2019-08-05 17:36:54','2021-05-06 17:59:58'),(97,'M','1979-09-04',55,'2020-09-20 17:20:41','2021-05-06 17:59:58'),(98,'F','2018-07-21',51,'2016-10-05 23:55:29','2021-05-06 17:59:58'),(99,'M','1997-12-28',88,'2020-09-11 13:06:12','2021-05-06 17:59:58'),(100,'M','1981-06-19',87,'2013-05-20 18:33:58','2021-05-06 17:59:58');
/*!40000 ALTER TABLE `profiles` ENABLE KEYS */;
UNLOCK TABLES;

--
-- Table structure for table `users`
--

DROP TABLE IF EXISTS `users`;
/*!40101 SET @saved_cs_client     = @@character_set_client */;
/*!50503 SET character_set_client = utf8mb4 */;
CREATE TABLE `users` (
  `id` int unsigned NOT NULL AUTO_INCREMENT COMMENT 'Идентификатор строки',
  `first_name` varchar(100) CHARACTER SET utf8mb4 COLLATE utf8mb4_unicode_ci NOT NULL COMMENT 'Имя пользователя',
  `last_name` varchar(100) CHARACTER SET utf8mb4 COLLATE utf8mb4_unicode_ci NOT NULL COMMENT 'Фамилия пользователя',
  `email` varchar(100) CHARACTER SET utf8mb4 COLLATE utf8mb4_unicode_ci NOT NULL COMMENT 'Почта',
  `phone` varchar(100) CHARACTER SET utf8mb4 COLLATE utf8mb4_unicode_ci NOT NULL COMMENT 'Телефон',
  `created_at` datetime DEFAULT CURRENT_TIMESTAMP COMMENT 'Время создания строки',
  `updated_at` datetime DEFAULT CURRENT_TIMESTAMP ON UPDATE CURRENT_TIMESTAMP COMMENT 'Время обновления строки',
  PRIMARY KEY (`id`),
  UNIQUE KEY `email` (`email`),
  UNIQUE KEY `phone` (`phone`)
) ENGINE=InnoDB AUTO_INCREMENT=101 DEFAULT CHARSET=utf8mb4 COLLATE=utf8mb4_unicode_ci COMMENT='Пользователи';
/*!40101 SET character_set_client = @saved_cs_client */;

--
-- Dumping data for table `users`
--

LOCK TABLES `users` WRITE;
/*!40000 ALTER TABLE `users` DISABLE KEYS */;
INSERT INTO `users` VALUES (1,'Ezekiel','Torphy','cjacobs@example.com','+48(7)5291223482','2017-05-13 18:40:54','2021-05-06 17:43:18'),(2,'Eunice','Kemmer','aruecker@example.com','+73(4)5641318335','2011-08-28 14:31:54','2014-08-17 17:40:34'),(3,'Victoria','Sauer','tyreek.predovic@example.net','(962)469-3969','2018-04-23 02:31:34','2019-02-10 15:33:15'),(4,'Vicenta','Hane','cmann@example.org','+73(7)6123036390','2019-06-12 15:28:09','2021-05-06 17:43:18'),(5,'Adrianna','Grant','fweimann@example.org','04093630303','2013-01-27 12:52:36','2020-07-02 09:25:25'),(6,'Hiram','Boyle','gottlieb.emmalee@example.net','639-580-3227','2013-06-08 12:48:26','2014-12-24 23:10:24'),(7,'Jovany','Huels','leonardo00@example.com','(408)777-6650x1400','2013-02-10 09:20:31','2013-02-12 23:52:08'),(8,'Grayce','Quigley','darren.jenkins@example.com','+91(3)7298095743','2020-09-10 23:14:57','2021-05-06 17:43:18'),(9,'Emie','Nader','evert.swaniawski@example.net','968.524.2295','2017-11-24 17:00:16','2021-05-06 17:43:18'),(10,'Carleton','Jakubowski','green00@example.com','(934)875-1131x1389','2013-12-25 05:35:32','2019-11-04 21:44:44'),(11,'Lawrence','Smitham','ureynolds@example.org','1-228-637-7068','2015-01-18 16:27:20','2020-12-08 15:01:19'),(12,'Arlene','Torp','skonopelski@example.org','+94(6)0859901052','2020-10-13 05:17:18','2021-05-06 17:43:18'),(13,'Kevin','Walsh','jayda11@example.com','1-067-907-4708x5481','2017-03-19 17:01:43','2021-05-06 17:43:18'),(14,'Rozella','Ortiz','ralph.deckow@example.net','1-152-298-5723x581','2015-05-06 13:32:07','2017-03-13 08:09:30'),(15,'Abdullah','Emmerich','nhettinger@example.net','+58(9)3663640607','2012-12-18 02:41:45','2013-04-19 21:12:05'),(16,'Chelsie','Spencer','muhammad.roberts@example.com','834.569.3015','2016-01-06 02:36:44','2021-05-06 17:43:18'),(17,'Hilma','Marquardt','magdalena.swift@example.net','608.053.6817','2013-08-23 03:42:04','2020-12-18 02:46:11'),(18,'Domenica','Schaefer','o\'keefe.jessica@example.org','494-723-5062x3248','2019-08-12 20:27:56','2020-06-02 14:33:26'),(19,'Lera','Anderson','claude04@example.net','755.428.8692x9074','2012-06-12 21:56:25','2015-02-22 12:15:56'),(20,'Donavon','Mayer','jovanny82@example.net','(035)638-5294x82081','2019-05-18 00:52:04','2021-05-06 17:43:18'),(21,'Myles','Bernhard','lee10@example.org','09902121905','2013-07-30 07:48:23','2021-05-06 17:43:18'),(22,'Austin','Reichert','ariane32@example.net','538-140-4606x5863','2019-11-11 11:10:22','2021-05-06 17:43:18'),(23,'Jamil','Gislason','cole.cameron@example.org','091.361.9093','2018-09-13 18:25:07','2021-05-06 17:43:18'),(24,'Teresa','McClure','bashirian.tyra@example.org','649-010-7923','2020-02-01 09:00:15','2021-05-06 17:43:18'),(25,'Remington','McGlynn','patricia60@example.org','1-636-780-7436x2623','2015-08-16 00:28:43','2017-06-08 18:46:28'),(26,'Kieran','Steuber','shakira46@example.com','380-837-2802','2020-12-14 22:29:18','2021-05-06 17:43:18'),(27,'Mariam','Strosin','hilll.karson@example.com','(845)767-0872x4695','2018-01-05 20:55:11','2021-05-06 17:43:18'),(28,'Wyman','Sauer','dicki.madisyn@example.net','223-991-8369x3033','2014-10-12 15:40:41','2015-12-22 01:05:31'),(29,'Ottilie','McDermott','beer.jana@example.net','(404)485-5108','2014-12-21 04:56:09','2021-05-06 17:43:18'),(30,'Tobin','Bartell','lnolan@example.net','1-765-674-2495x97989','2015-07-30 05:24:29','2015-10-17 03:38:00'),(31,'Theodora','Hermiston','abshire.aidan@example.org','383.041.3941','2012-06-27 08:27:40','2016-10-19 10:48:38'),(32,'Clifford','Nienow','jarod.doyle@example.com','09139078666','2016-10-14 15:23:15','2021-05-06 17:43:18'),(33,'Veronica','Spencer','zboehm@example.org','861.530.9649x207','2012-06-07 12:58:51','2021-05-06 17:43:18'),(34,'Eloy','Daugherty','okey21@example.org','06861961833','2016-03-10 23:18:21','2021-05-06 17:43:18'),(35,'Lessie','Welch','schiller.anahi@example.net','749-905-3111x99629','2016-11-13 18:39:01','2017-01-15 10:43:41'),(36,'Creola','Beahan','robb24@example.com','096.129.7840x357','2018-03-07 01:50:07','2019-09-25 13:38:51'),(37,'Sydni','Veum','pietro51@example.org','850-387-3930x15824','2013-06-10 19:37:25','2020-12-15 21:33:33'),(38,'Rollin','Nicolas','krystal93@example.net','831-666-0180x029','2013-02-17 19:14:33','2021-05-06 17:43:18'),(39,'Adrien','Ebert','dach.leilani@example.net','1-522-823-9867x9684','2019-01-03 10:11:38','2021-02-02 10:58:08'),(40,'Herbert','O\'Hara','zion.conroy@example.net','549-700-4540x47302','2018-11-18 08:34:40','2021-05-06 17:43:18'),(41,'Daphne','Runolfsdottir','alexie.corkery@example.org','06785374186','2020-06-30 11:51:01','2021-05-06 17:43:18'),(42,'Rubye','Kreiger','rtoy@example.com','501-370-6911x90399','2012-03-26 09:48:06','2016-02-11 03:04:43'),(43,'Angela','Gaylord','kurtis.rippin@example.net','1-270-872-1339x3550','2012-05-17 00:13:21','2019-02-12 06:20:06'),(44,'Nikko','Luettgen','cpaucek@example.org','06307671306','2019-09-02 18:57:04','2021-05-06 17:43:18'),(45,'Rashawn','Shanahan','amely88@example.com','09533060073','2012-11-10 21:36:19','2016-04-22 12:27:22'),(46,'Eino','Murazik','ckemmer@example.org','1-311-613-5898','2011-12-24 19:47:38','2016-02-21 10:51:13'),(47,'Randal','Koelpin','beth43@example.org','054.992.2741','2011-12-25 01:57:13','2016-06-09 09:20:33'),(48,'Shakira','Cole','groberts@example.net','(954)137-8949x5470','2011-08-28 20:27:59','2016-04-28 19:56:20'),(49,'Tate','Brakus','nschumm@example.org','768-575-4089','2019-04-21 21:41:10','2021-05-06 17:43:18'),(50,'Lourdes','Kertzmann','wilfrid.ratke@example.org','(878)153-4125x83330','2011-07-06 12:15:36','2019-08-17 14:52:50'),(51,'Tyrell','DuBuque','schinner.clovis@example.net','+48(7)8903674447','2012-02-27 03:55:51','2015-11-28 08:08:09'),(52,'Shayna','O\'Keefe','nmarvin@example.org','(218)329-5463x2934','2019-11-22 15:00:56','2020-11-21 16:56:19'),(53,'Arden','Hand','ima.breitenberg@example.net','994.289.9388x58585','2014-12-12 04:42:14','2021-05-06 17:43:18'),(54,'Gladys','Herman','ekuvalis@example.com','+45(0)6513114187','2018-08-17 22:41:19','2021-05-06 17:43:18'),(55,'Estella','Casper','hmonahan@example.com','706.266.9118','2014-06-24 23:21:43','2017-10-31 10:57:17'),(56,'Nina','Fahey','crogahn@example.net','(832)430-1655x7770','2014-02-21 08:36:59','2016-04-23 22:08:29'),(57,'Matilda','Lindgren','cordia41@example.net','(374)985-1161x7077','2019-02-02 11:46:32','2021-05-06 17:43:18'),(58,'Zackery','Hamill','vivien.schoen@example.org','+98(1)6441477985','2020-08-25 14:40:11','2021-05-06 17:43:18'),(59,'Kiley','Veum','zcrist@example.net','1-552-879-6252x0067','2016-06-06 19:01:51','2021-05-06 17:43:18'),(60,'Chaz','Lowe','reinger.pietro@example.org','345-652-9019','2018-11-12 10:00:17','2019-11-18 13:38:30'),(61,'Rowan','Klocko','leila12@example.net','(882)664-2555x845','2017-05-17 23:48:15','2021-05-06 17:43:18'),(62,'Enos','Dickens','marques12@example.com','1-776-911-8346x496','2013-09-25 23:26:50','2018-12-13 11:05:20'),(63,'Annette','Wisozk','yasmeen.shanahan@example.com','1-575-587-3781','2014-09-02 11:40:36','2018-03-10 11:21:48'),(64,'Destiney','Kunde','fadel.vergie@example.org','+17(1)4967172977','2013-10-09 15:53:40','2014-02-07 08:07:00'),(65,'Greyson','Donnelly','gus02@example.net','086.148.3515x89721','2012-12-30 07:46:02','2013-08-04 17:11:42'),(66,'Tatum','Bartell','batz.kelsi@example.com','445.155.7978x953','2014-05-03 12:48:34','2015-04-27 07:21:05'),(67,'Annabel','Rosenbaum','mellie29@example.com','119-155-8175','2012-05-18 19:50:21','2015-07-10 20:14:20'),(68,'Eleonore','Klein','berry02@example.org','410.732.1002','2015-12-29 22:59:06','2019-12-29 16:08:59'),(69,'Lorenz','Daniel','madie85@example.com','(302)053-8929','2018-01-02 10:23:56','2018-12-12 12:18:53'),(70,'Joana','Turcotte','ada19@example.org','1-821-901-6164x41761','2015-06-02 22:03:11','2021-05-06 17:43:18'),(71,'Rosalia','O\'Kon','norbert06@example.org','(650)735-0531x0003','2016-09-11 14:08:37','2019-03-02 13:56:16'),(72,'Ignatius','Schmeler','jstreich@example.net','109-468-7390x47508','2017-11-05 06:08:40','2021-05-06 17:43:18'),(73,'Dimitri','Shields','rice.katherine@example.com','1-459-829-1421','2016-03-22 00:17:56','2021-05-06 17:43:18'),(74,'Emilio','Schulist','garry.murazik@example.net','956.160.2059x22963','2012-09-06 04:59:06','2021-02-17 21:11:42'),(75,'Madyson','Lang','tschmeler@example.org','080.565.3847','2014-01-29 21:36:46','2020-02-21 23:27:17'),(76,'Nichole','Gleichner','elenora.durgan@example.com','200.942.7131x998','2011-12-02 21:45:57','2013-07-11 17:27:55'),(77,'Hunter','Frami','unique.beatty@example.com','761-182-8659','2011-12-10 18:55:44','2018-10-27 02:27:56'),(78,'Chandler','Mayer','annalise63@example.com','360.140.7409','2020-05-29 02:55:39','2021-05-06 17:43:18'),(79,'Alexis','Barton','pterry@example.org','1-268-993-3022x70724','2013-04-24 10:20:21','2019-11-21 14:11:55'),(80,'Myron','Robel','wiza.kaya@example.com','(921)995-1036x525','2020-04-13 18:32:52','2021-05-06 17:43:18'),(81,'Madison','Turcotte','mckenzie.chelsie@example.com','075.137.8233x0788','2020-09-11 04:38:56','2021-03-31 18:46:16'),(82,'Jeffrey','Mueller','dsmith@example.com','1-172-851-6449','2012-01-21 09:38:02','2015-05-29 06:18:34'),(83,'Laverne','Connelly','marguerite.lind@example.net','566.733.5364x49037','2015-05-24 17:01:21','2016-09-18 11:52:05'),(84,'Rupert','Wiegand','dorothea61@example.org','1-483-858-8475x193','2016-08-30 14:43:38','2019-07-30 16:41:25'),(85,'Kailee','Marks','enos71@example.com','1-713-778-5856x721','2018-10-26 00:12:41','2021-05-06 17:43:18'),(86,'Jake','Buckridge','nikolaus.gregoria@example.com','1-067-103-7993x6168','2013-12-13 14:00:10','2016-02-07 03:20:49'),(87,'Damion','Ferry','vvonrueden@example.net','05077309355','2012-09-30 07:27:56','2020-12-22 23:34:17'),(88,'Maxime','Becker','sigmund19@example.com','878.888.6838x5487','2016-01-21 21:57:12','2021-05-06 17:43:18'),(89,'Elmo','Mraz','fgrant@example.com','1-758-564-6904x658','2011-05-05 18:58:20','2018-10-30 01:21:54'),(90,'Uriel','Hagenes','marlin.hayes@example.com','(700)984-4342x937','2014-06-02 10:41:13','2017-08-10 15:05:41'),(91,'Marietta','Grimes','nat73@example.net','(118)174-4337x90702','2012-08-03 09:55:21','2015-05-06 14:21:50'),(92,'Amira','Collier','thurman.o\'kon@example.net','868.977.0307x23436','2019-02-04 13:10:48','2021-05-06 17:43:18'),(93,'Eldridge','Ritchie','beahan.armando@example.net','1-801-663-3163','2011-12-28 09:32:33','2020-06-22 22:12:25'),(94,'Willard','Sauer','sam.stehr@example.com','007-032-2261x911','2011-10-04 01:51:28','2011-12-16 22:23:33'),(95,'Jannie','Boyer','gulgowski.lina@example.org','(822)093-6092x110','2016-12-19 15:43:36','2021-05-06 17:43:18'),(96,'Travis','Schulist','tbraun@example.net','364.889.8008','2012-03-20 06:22:47','2013-08-28 03:48:38'),(97,'Ellen','Ernser','dashawn.carter@example.com','825.575.6779x2736','2016-01-06 05:17:46','2018-06-03 19:02:49'),(98,'Jailyn','Thompson','schmitt.gracie@example.net','1-277-092-1169x3059','2017-05-21 07:48:14','2019-09-06 16:42:48'),(99,'Selina','Gaylord','schultz.kennith@example.org','+63(1)7322917121','2020-07-06 13:15:26','2021-05-06 17:43:18'),(100,'Jarrod','Schmeler','una60@example.com','+19(6)1009034179','2020-11-30 12:28:39','2021-05-06 17:43:18');
/*!40000 ALTER TABLE `users` ENABLE KEYS */;
UNLOCK TABLES;
/*!40103 SET TIME_ZONE=@OLD_TIME_ZONE */;

/*!40101 SET SQL_MODE=@OLD_SQL_MODE */;
/*!40014 SET FOREIGN_KEY_CHECKS=@OLD_FOREIGN_KEY_CHECKS */;
/*!40014 SET UNIQUE_CHECKS=@OLD_UNIQUE_CHECKS */;
/*!40101 SET CHARACTER_SET_CLIENT=@OLD_CHARACTER_SET_CLIENT */;
/*!40101 SET CHARACTER_SET_RESULTS=@OLD_CHARACTER_SET_RESULTS */;
/*!40101 SET COLLATION_CONNECTION=@OLD_COLLATION_CONNECTION */;
/*!40111 SET SQL_NOTES=@OLD_SQL_NOTES */;

-- Dump completed on 2021-05-12 21:08:15
